{
  "id":"101"
 ,"Identification":{
    "Name":"Birth Registration"
   ,"Alias":"BIRTH-REGISTRATION"
   ,"Version":"Release 1.0"
  }
 ,"Row Search":{
    "Tokenize":true
  }
 ,"Availability":{
    "Status":"Available with Developer Toolbar"
   ,"Build Status":"Run and Build Application"
  }
 ,"Error Handling":{
    "Default Display Location":"Inline with Field and in Notification"
  }
 ,"Report Printing":{
    "Type":"Native Printing"
  }
 ,"Advanced":{
    "Friendly URLs":true
   ,"Allow Feedback":true
   ,"Logging":true
   ,"Debugging":true
   ,"Compatibility Mode":"21.2 \/ 22.1 \/ 22.2"
  }
 ,"Authentication":{
    "Public User":"APEX_PUBLIC_USER"
   ,"Authentication Scheme":"Oracle APEX Accounts (7521204300204035)"
  }
 ,"Authorization":{
    "Authorization Scheme":"Reader Rights (7811025479204514)"
   ,"Run on Public Pages":false
   ,"Run on Background Job":true
   ,"Source for Role or Group Schemes":"Access Control User Role Assignments"
  }
 ,"Session Management":{
    "Rejoin Sessions":"Disabled"
  }
 ,"Session State Protection":{
    "Enabled":true
  }
 ,"Security":{
    "Deep Linking":"Disabled"
   ,"Browser Cache":"Disabled"
   ,"Embed in Frames":"Deny"
   ,"Referrer Policy":"strict-origin"
   ,"HTML Escaping Mode":"Extended"
   ,"Runtime API Usage":[
      "Modify This Application"
    ]
  }
 ,"Advanced":{
    "Pass ECID":"Y"
  }
 ,"Database Session":{
    "Parsing Schema":"VITAL"
  }
 ,"Globalization":{
    "Primary Language":"English (en)"
   ,"Document Direction":"Left-To-Right"
   ,"Language Derived From":"Application Primary Language"
   ,"Automatic Time Zone":false
   ,"Automatic CSV Encoding":true
  }
 ,"Application Format Masks":{
    "Date":"DS"
   ,"Timestamp":"DS"
   ,"Timestamp Time Zone":"DS"
  }
 ,"Character Value Comparison":{
    "Behavior":"Database session NLS setting (default)"
  }
 ,"Logo":{
    "Type":"Text"
   ,"Text":"Birth Registration"
  }
 ,"Progressive Web App":{
    "Enable":true
   ,"Installable":true
   ,"Display":"Standalone"
   ,"Screen Orientation":"Any"
   ,"iOS Status Bar Style":"Default"
   ,"Enable Push Notifications":true
   ,"PWA Push Notifications Credentials":"App 101 Push Notifications Credentials (2) (8022706566205200)"
  }
 ,"Navigation":{
    "Home URL":{
      "url":"f?p=\u0026APP_ID.:1:\u0026APP_SESSION.::\u0026DEBUG.:::"
     ,"Page":"1"
    }
   ,"Login URL":{
      "url":"f?p=\u0026APP_ID.:LOGIN:\u0026APP_SESSION.::\u0026DEBUG.:::"
     ,"Page":"LOGIN"
    }
  }
 ,"Navigation Menu":{
    "List Template":"Side Navigation Menu (7682837167204264)"
   ,"Template Options":[
      "#DEFAULT#"
     ,"t-TreeNav--styleA"
     ,"js-navCollapsed--hidden"
    ]
   ,"List Position":"Side"
   ,"List":"Navigation Menu (7522040749204040)"
  }
 ,"Navigation Bar":{
    "Implementation":"List"
   ,"List":"Navigation Bar (7805852515204492)"
   ,"List Template":"Navigation Bar (7685693859204267)"
   ,"Template Options":[
      "#DEFAULT#"
    ]
  }
 ,"JavaScript":{
    "Include jQuery Migrate":false
  }
 ,"Attributes":{
    "Theme":"Universal Theme (42)"
   ,"Global Page":"0"
   ,"Enable End Users to choose Theme Style":false
   ,"Add \"Built with APEX\" to Footer":false
  }
 ,"Substitutions":[
    {
      "id":"1"
     ,"Identification":{
        "Name":"APP_NAME"
      }
     ,"Value":{
        "Static Value":"Birth Registration"
      }
    }
  ]
 ,"Application Settings":[
    {
      "id":"7811903703204518"
     ,"Identification":{
        "Name":"FEEDBACK_ATTACHMENTS_YN"
      }
     ,"Value":{
        "Value":"Y"
       ,"Required":false
      }
     ,"Advanced":{
        "Valid Values":"Y, N"
       ,"On Upgrade Keep Value":true
      }
     ,"Configuration":{
        "Build Option":"Feature: Feedback (7808462870204507)"
      }
    }
   ,{
      "id":"7812292176204520"
     ,"Identification":{
        "Name":"ACCESS_CONTROL_SCOPE"
      }
     ,"Value":{
        "Value":"ACL_ONLY"
       ,"Required":false
      }
     ,"Advanced":{
        "Valid Values":"ACL_ONLY, ALL_USERS"
       ,"On Upgrade Keep Value":true
      }
     ,"Configuration":{
        "Build Option":"Feature: Access Control (7808263998204507)"
      }
     ,"Comments":{
        "Comments":"The default access level given to authenticated users who are not in the access control list"
      }
    }
  ]
}
