[
  {
    "id":"7810501826204512"
   ,"Identification":{
      "Name":"Administrator"
    }
   ,"Advanced":{
      "Static ID":"ADMINISTRATOR"
    }
   ,"Description":{
      "Description":"Role assigned to application administrators."
    }
  }
 ,{
    "id":"7810711194204514"
   ,"Identification":{
      "Name":"Contributor"
    }
   ,"Advanced":{
      "Static ID":"CONTRIBUTOR"
    }
   ,"Description":{
      "Description":"Role assigned to application contributors."
    }
  }
 ,{
    "id":"7810837526204514"
   ,"Identification":{
      "Name":"Reader"
    }
   ,"Advanced":{
      "Static ID":"READER"
    }
   ,"Description":{
      "Description":"Role assigned to application readers."
    }
  }
]
