[
  {
    "id":"7806804015204501"
   ,"Identification":{
      "File Name":"icons\/app-icon-32.png"
    }
   ,"Attributes":{
      "Mime Type":"image\/png"
     ,"File Character Set":"Unicode UTF-8"
    }
  }
 ,{
    "id":"7807100606204503"
   ,"Identification":{
      "File Name":"icons\/app-icon-144-rounded.png"
    }
   ,"Attributes":{
      "Mime Type":"image\/png"
     ,"File Character Set":"Unicode UTF-8"
    }
  }
 ,{
    "id":"7807490809204504"
   ,"Identification":{
      "File Name":"icons\/app-icon-192.png"
    }
   ,"Attributes":{
      "Mime Type":"image\/png"
     ,"File Character Set":"Unicode UTF-8"
    }
  }
 ,{
    "id":"7807734014204504"
   ,"Identification":{
      "File Name":"icons\/app-icon-256-rounded.png"
    }
   ,"Attributes":{
      "Mime Type":"image\/png"
     ,"File Character Set":"Unicode UTF-8"
    }
  }
 ,{
    "id":"7808045347204506"
   ,"Identification":{
      "File Name":"icons\/app-icon-512.png"
    }
   ,"Attributes":{
      "Mime Type":"image\/png"
     ,"File Character Set":"Unicode UTF-8"
    }
  }
]
