[
  {
    "id":"7521515688204037"
   ,"Identification":{
      "Name":"Breadcrumb"
    }
   ,"Entries":[
      {
        "id":"7521783452204039"
       ,"Identification":{
          "Name":"Home"
         ,"Page Number":"1"
        }
       ,"Execution":{
          "Sequence":10
        }
       ,"Link":{
          "Target":{
            "url":"f?p=\u0026APP_ID.:1:\u0026APP_SESSION.::\u0026DEBUG.:::"
           ,"Page":"1"
          }
        }
      }
     ,{
        "id":"7822354942204560"
       ,"Identification":{
          "Name":"Child Details"
         ,"Page Number":"2"
        }
       ,"Execution":{
          "Sequence":10
        }
       ,"Link":{
          "Target":{
            "url":"f?p=\u0026APP_ID.:2:\u0026APP_SESSION.::\u0026DEBUG.:::"
           ,"Page":"2"
          }
        }
      }
     ,{
        "id":"7997530089205103"
       ,"Identification":{
          "Name":"Administration"
         ,"Page Number":"10000"
        }
       ,"Execution":{
          "Sequence":10
        }
       ,"Link":{
          "Target":{
            "url":"f?p=\u0026APP_ID.:10000:\u0026APP_SESSION.::\u0026DEBUG.:::"
           ,"Page":"10000"
          }
        }
      }
     ,{
        "id":"8035442870676937"
       ,"Identification":{
          "Name":"Active Registration Report"
         ,"Page Number":"4"
        }
       ,"Execution":{
          "Sequence":10
        }
       ,"Link":{
          "Target":{
            "url":"f?p=\u0026APP_ID.:4:\u0026APP_SESSION.::\u0026DEBUG.:::"
           ,"Page":"4"
          }
        }
      }
     ,{
        "id":"8041067710685160"
       ,"Identification":{
          "Name":"Late Registration Report"
         ,"Page Number":"5"
        }
       ,"Execution":{
          "Sequence":10
        }
       ,"Link":{
          "Target":{
            "url":"f?p=\u0026APP_ID.:5:\u0026APP_SESSION.::\u0026DEBUG.:::"
           ,"Page":"5"
          }
        }
      }
     ,{
        "id":"8046694535697757"
       ,"Identification":{
          "Name":"Delayed Registration Report"
         ,"Page Number":"6"
        }
       ,"Execution":{
          "Sequence":10
        }
       ,"Link":{
          "Target":{
            "url":"f?p=\u0026APP_ID.:6:\u0026APP_SESSION.::\u0026DEBUG.:::"
           ,"Page":"6"
          }
        }
      }
     ,{
        "id":"8064989109993512"
       ,"Identification":{
          "Name":"All Registration Report"
         ,"Page Number":"3"
        }
       ,"Execution":{
          "Sequence":10
        }
       ,"Link":{
          "Target":{
            "url":"f?p=\u0026APP_ID.:3:\u0026APP_SESSION.::\u0026DEBUG.:::"
           ,"Page":"3"
          }
        }
      }
     ,{
        "id":"8244938761200401"
       ,"Identification":{
          "Name":"TABLE INSERT"
         ,"Page Number":"7"
        }
       ,"Execution":{
          "Sequence":10
        }
       ,"Link":{
          "Target":{
            "url":"f?p=\u0026APP_ID.:7:\u0026APP_SESSION.::\u0026DEBUG.:::"
           ,"Page":"7"
          }
        }
      }
     ,{
        "id":"8288374538273909"
       ,"Identification":{
          "Name":"Master Detail"
         ,"Page Number":"22"
        }
       ,"Execution":{
          "Sequence":10
        }
       ,"Link":{
          "Target":{
            "url":"f?p=\u0026APP_ID.:22:\u0026APP_SESSION.::\u0026DEBUG.:::"
           ,"Page":"22"
          }
        }
      }
     ,{
        "id":"8455509536553148"
       ,"Identification":{
          "Name":"Child Information Details"
         ,"Page Number":"8"
        }
       ,"Execution":{
          "Sequence":10
        }
       ,"Link":{
          "Target":{
            "url":"f?p=\u0026APP_ID.:8:\u0026APP_SESSION.::\u0026DEBUG.:::"
           ,"Page":"8"
          }
        }
      }
    ]
  }
]
