[
  {
    "id":"7520924692204035"
   ,"Identification":{
      "Name":"Commented Out"
    }
   ,"Status":{
      "Status":"Exclude"
     ,"Default on Export":"Same as Current Status"
     ,"On Upgrade Keep Status":false
    }
  }
 ,{
    "id":"7808263998204507"
   ,"Identification":{
      "Name":"Feature: Access Control"
    }
   ,"Status":{
      "Status":"Include"
     ,"Default on Export":"Same as Current Status"
     ,"On Upgrade Keep Status":false
    }
   ,"Comments":{
      "Comments":"Incorporate role based user authentication within your application and manage username mappings to application roles."
    }
  }
 ,{
    "id":"7808342817204507"
   ,"Identification":{
      "Name":"Feature: Activity Reporting"
    }
   ,"Status":{
      "Status":"Include"
     ,"Default on Export":"Same as Current Status"
     ,"On Upgrade Keep Status":false
    }
   ,"Comments":{
      "Comments":"Include numerous reports and charts on end user activity."
    }
  }
 ,{
    "id":"7808462870204507"
   ,"Identification":{
      "Name":"Feature: Feedback"
    }
   ,"Status":{
      "Status":"Include"
     ,"Default on Export":"Same as Current Status"
     ,"On Upgrade Keep Status":false
    }
   ,"Comments":{
      "Comments":"Provide a mechanism for end users to post general comments back to the application administrators and developers."
    }
  }
 ,{
    "id":"7808620773204507"
   ,"Identification":{
      "Name":"Feature: Configuration Options"
    }
   ,"Status":{
      "Status":"Include"
     ,"Default on Export":"Same as Current Status"
     ,"On Upgrade Keep Status":false
    }
   ,"Comments":{
      "Comments":"Allow application administrators to enable or disable specific functionality, associated with an Oracle APEX build option, from within the application."
    }
  }
 ,{
    "id":"7808909006204507"
   ,"Identification":{
      "Name":"Feature: About Page"
    }
   ,"Status":{
      "Status":"Include"
     ,"Default on Export":"Same as Current Status"
     ,"On Upgrade Keep Status":false
    }
   ,"Comments":{
      "Comments":"About this application page."
    }
  }
 ,{
    "id":"7809091826204507"
   ,"Identification":{
      "Name":"Feature: Theme Style Selection"
    }
   ,"Status":{
      "Status":"Include"
     ,"Default on Export":"Same as Current Status"
     ,"On Upgrade Keep Status":false
    }
   ,"Comments":{
      "Comments":"Allow administrators to select a default color scheme (theme style) for the application. Administrators can also choose to allow end users to choose their own theme style. "
    }
  }
 ,{
    "id":"8015806757205171"
   ,"Identification":{
      "Name":"Feature: Push Notifications"
    }
   ,"Status":{
      "Status":"Include"
     ,"Default on Export":"Same as Current Status"
     ,"On Upgrade Keep Status":false
    }
   ,"Comments":{
      "Comments":"Allow users to subscribe to push notifications on their devices."
    }
  }
 ,{
    "id":"8016158397205171"
   ,"Identification":{
      "Name":"Feature: User Settings"
    }
   ,"Status":{
      "Status":"Include"
     ,"Default on Export":"Same as Current Status"
     ,"On Upgrade Keep Status":false
    }
   ,"Comments":{
      "Comments":"The user settings page is a drawer that links to all user settings pages."
    }
  }
]
