[
  {
    "id":"7522040749204040"
   ,"Identification":{
      "Name":"Navigation Menu"
    }
   ,"Source":{
      "Type":"Static Values"
    }
   ,"Entries":[
      {
        "id":"7819672517204551"
       ,"Label":{
          "Label":"Home"
        }
       ,"Icon":{
          "Image\/Icon CSS Classes":"fa-home"
        }
       ,"Layout":{
          "Sequence":10
        }
       ,"Is Current":{
          "Type":"Target Page"
        }
       ,"Link":{
          "Target":{
            "url":"f?p=\u0026APP_ID.:1:\u0026APP_SESSION.::\u0026DEBUG.:::"
           ,"Page":"1"
          }
        }
       ,"Click Counting":{
          "Count Clicks":false
        }
       ,"User Defined Attributes":{
          "Translatable":false
        }
      }
     ,{
        "id":"7821115466204557"
       ,"Label":{
          "Label":"Child Details"
        }
       ,"Icon":{
          "Image\/Icon CSS Classes":"fa-address-book"
        }
       ,"Layout":{
          "Sequence":20
        }
       ,"Is Current":{
          "Type":"Target Page"
        }
       ,"Link":{
          "Target":{
            "url":"f?p=\u0026APP_ID.:2:\u0026APP_SESSION.::\u0026DEBUG.:::"
           ,"Page":"2"
          }
        }
       ,"Click Counting":{
          "Count Clicks":false
        }
       ,"User Defined Attributes":{
          "Translatable":false
        }
      }
     ,{
        "id":"7996641118205101"
       ,"Label":{
          "Label":"Administration"
        }
       ,"Icon":{
          "Image\/Icon CSS Classes":"fa-user-wrench"
        }
       ,"Layout":{
          "Sequence":10000
        }
       ,"Is Current":{
          "Type":"Target Page"
        }
       ,"Link":{
          "Target":{
            "url":"f?p=\u0026APP_ID.:10000:\u0026APP_SESSION.::\u0026DEBUG.:::"
           ,"Page":"10000"
          }
        }
       ,"Click Counting":{
          "Count Clicks":false
        }
       ,"User Defined Attributes":{
          "Translatable":false
        }
       ,"Security":{
          "Authorization Scheme":"Administration Rights (7810903252204514)"
        }
      }
     ,{
        "id":"8034571674676935"
       ,"Label":{
          "Label":"Active Registration Report"
        }
       ,"Icon":{
          "Image\/Icon CSS Classes":"fa-table"
        }
       ,"Layout":{
          "Sequence":40
        }
       ,"Is Current":{
          "Type":"Pages"
         ,"Pages":[
            "4"
          ]
        }
       ,"Link":{
          "Target":{
            "url":"f?p=\u0026APP_ID.:4:\u0026APP_SESSION.::\u0026DEBUG.:::"
           ,"Page":"4"
          }
        }
       ,"Click Counting":{
          "Count Clicks":false
        }
       ,"User Defined Attributes":{
          "Translatable":false
        }
      }
     ,{
        "id":"8040142530685159"
       ,"Label":{
          "Label":"Late Registration Report"
        }
       ,"Icon":{
          "Image\/Icon CSS Classes":"fa-table"
        }
       ,"Layout":{
          "Sequence":50
        }
       ,"Is Current":{
          "Type":"Pages"
         ,"Pages":[
            "5"
          ]
        }
       ,"Link":{
          "Target":{
            "url":"f?p=\u0026APP_ID.:5:\u0026APP_SESSION.::\u0026DEBUG.:::"
           ,"Page":"5"
          }
        }
       ,"Click Counting":{
          "Count Clicks":false
        }
       ,"User Defined Attributes":{
          "Translatable":false
        }
      }
     ,{
        "id":"8045768823697754"
       ,"Label":{
          "Label":"Delayed Registration Report"
        }
       ,"Icon":{
          "Image\/Icon CSS Classes":"fa-table"
        }
       ,"Layout":{
          "Sequence":60
        }
       ,"Is Current":{
          "Type":"Pages"
         ,"Pages":[
            "6"
          ]
        }
       ,"Link":{
          "Target":{
            "url":"f?p=\u0026APP_ID.:6:\u0026APP_SESSION.::\u0026DEBUG.:::"
           ,"Page":"6"
          }
        }
       ,"Click Counting":{
          "Count Clicks":false
        }
       ,"User Defined Attributes":{
          "Translatable":false
        }
      }
     ,{
        "id":"8064073578993507"
       ,"Label":{
          "Label":"All Registration Report"
        }
       ,"Icon":{
          "Image\/Icon CSS Classes":"fa-soccer-ball-o"
        }
       ,"Layout":{
          "Sequence":70
        }
       ,"Is Current":{
          "Type":"Pages"
         ,"Pages":[
            "3"
          ]
        }
       ,"Link":{
          "Target":{
            "url":"f?p=\u0026APP_ID.:3:\u0026APP_SESSION.::\u0026DEBUG.:::"
           ,"Page":"3"
          }
        }
       ,"Click Counting":{
          "Count Clicks":false
        }
       ,"User Defined Attributes":{
          "Translatable":false
        }
      }
     ,{
        "id":"8244025950200396"
       ,"Label":{
          "Label":"TABLE INSERT"
        }
       ,"Icon":{
          "Image\/Icon CSS Classes":"fa-table-pointer"
        }
       ,"Layout":{
          "Sequence":80
        }
       ,"Is Current":{
          "Type":"Pages"
         ,"Pages":[
            "7"
          ]
        }
       ,"Link":{
          "Target":{
            "url":"f?p=\u0026APP_ID.:7:\u0026APP_SESSION.::\u0026DEBUG.:::"
           ,"Page":"7"
          }
        }
       ,"Click Counting":{
          "Count Clicks":false
        }
       ,"User Defined Attributes":{
          "Translatable":false
        }
      }
     ,{
        "id":"8287498150273903"
       ,"Label":{
          "Label":"Master Detail"
        }
       ,"Icon":{
          "Image\/Icon CSS Classes":"fa-helicopter"
        }
       ,"Layout":{
          "Sequence":90
        }
       ,"Is Current":{
          "Type":"Pages"
         ,"Pages":[
            "22"
          ]
        }
       ,"Link":{
          "Target":{
            "url":"f?p=\u0026APP_ID.:22:\u0026APP_SESSION.::\u0026DEBUG.:::"
           ,"Page":"22"
          }
        }
       ,"Click Counting":{
          "Count Clicks":false
        }
       ,"User Defined Attributes":{
          "Translatable":false
        }
      }
     ,{
        "id":"8454605001553140"
       ,"Label":{
          "Label":"Child Information Details"
        }
       ,"Icon":{
          "Image\/Icon CSS Classes":"fa-users-alt"
        }
       ,"Layout":{
          "Sequence":100
        }
       ,"Is Current":{
          "Type":"Pages"
         ,"Pages":[
            "8"
          ]
        }
       ,"Link":{
          "Target":{
            "url":"f?p=\u0026APP_ID.:8:\u0026APP_SESSION.::\u0026DEBUG.:::"
           ,"Page":"8"
          }
        }
       ,"Click Counting":{
          "Count Clicks":false
        }
       ,"User Defined Attributes":{
          "Translatable":false
        }
      }
    ]
  }
 ,{
    "id":"7805852515204492"
   ,"Identification":{
      "Name":"Navigation Bar"
    }
   ,"Source":{
      "Type":"Static Values"
    }
   ,"Entries":[
      {
        "id":"7992893275205093"
       ,"Label":{
          "Label":"Install App"
        }
       ,"Icon":{
          "Image\/Icon CSS Classes":"fa-cloud-download"
        }
       ,"Layout":{
          "Sequence":10
        }
       ,"Is Current":{
          "Type":"Never"
        }
       ,"Link":{
          "Target":"#action$a-pwa-install"
        }
       ,"Click Counting":{
          "Count Clicks":false
        }
       ,"User Defined Attributes":{
          "Translatable":false
         ,"2.":"a-pwaInstall"
        }
      }
     ,{
        "id":"7993256028205095"
       ,"Label":{
          "Label":"Feedback"
        }
       ,"Icon":{
          "Image\/Icon CSS Classes":"fa-comment-o"
        }
       ,"Layout":{
          "Sequence":20
        }
       ,"Is Current":{
          "Type":"Target Page"
        }
       ,"Link":{
          "Target":{
            "url":"f?p=\u0026APP_ID.:10050:\u0026APP_SESSION.::\u0026DEBUG.:RP,10050:P10050_PAGE_ID:\u0026APP_PAGE_ID."
           ,"Page":"10050"
           ,"Clear Cache":"RP,10050"
           ,"Values":{
              "P10050_PAGE_ID":"\u0026APP_PAGE_ID."
            }
          }
        }
       ,"Click Counting":{
          "Count Clicks":false
        }
       ,"User Defined Attributes":{
          "Translatable":false
         ,"2.":"icon-only"
        }
       ,"Server-side Condition":{
          "Type":"Expression"
         ,"Language":"PL\/SQL"
         ,"PL\/SQL Expression":"apex_util.feedback_enabled"
        }
       ,"Configuration":{
          "Build Option":"Feature: Feedback (7808462870204507)"
        }
      }
     ,{
        "id":"7993562398205095"
       ,"Label":{
          "Label":"About"
        }
       ,"Icon":{
          "Image\/Icon CSS Classes":"fa-question-circle-o"
        }
       ,"Layout":{
          "Sequence":30
        }
       ,"Is Current":{
          "Type":"Target Page"
        }
       ,"User Defined Attributes":{
          "Translatable":false
         ,"2.":"icon-only"
        }
       ,"Configuration":{
          "Build Option":"Feature: About Page (7808909006204507)"
        }
      }
     ,{
        "id":"7994020063205096"
       ,"Label":{
          "Label":"Page Help"
        }
       ,"Icon":{
          "Image\/Icon CSS Classes":"fa-question-circle-o"
        }
       ,"Layout":{
          "Sequence":40
         ,"Parent Entry":"About (7993562398205095)"
        }
       ,"Is Current":{
          "Type":"Target Page"
        }
       ,"Link":{
          "Target":{
            "url":"f?p=\u0026APP_ID.:10061:\u0026APP_SESSION.::\u0026DEBUG.::P10061_PAGE_ID:\u0026APP_PAGE_ID."
           ,"Page":"10061"
           ,"Values":{
              "P10061_PAGE_ID":"\u0026APP_PAGE_ID."
            }
          }
        }
       ,"Click Counting":{
          "Count Clicks":false
        }
       ,"User Defined Attributes":{
          "Translatable":false
         ,"2.":"icon-only"
        }
       ,"Configuration":{
          "Build Option":"Feature: About Page (7808909006204507)"
        }
      }
     ,{
        "id":"7994442454205098"
       ,"Label":{
          "Label":"---"
        }
       ,"Layout":{
          "Sequence":50
         ,"Parent Entry":"About (7993562398205095)"
        }
       ,"Is Current":{
          "Type":"Target Page"
        }
       ,"Link":{
          "Target":"separator"
        }
       ,"Click Counting":{
          "Count Clicks":false
        }
       ,"User Defined Attributes":{
          "Translatable":false
        }
      }
     ,{
        "id":"7994891559205098"
       ,"Label":{
          "Label":"About Page"
        }
       ,"Icon":{
          "Image\/Icon CSS Classes":"fa-info-circle-o"
        }
       ,"Layout":{
          "Sequence":60
         ,"Parent Entry":"About (7993562398205095)"
        }
       ,"Is Current":{
          "Type":"Target Page"
        }
       ,"Link":{
          "Target":{
            "url":"f?p=\u0026APP_ID.:10060:\u0026APP_SESSION.::\u0026DEBUG.:10060::"
           ,"Page":"10060"
           ,"Clear Cache":"10060"
          }
        }
       ,"Click Counting":{
          "Count Clicks":false
        }
       ,"User Defined Attributes":{
          "Translatable":false
        }
       ,"Configuration":{
          "Build Option":"Feature: About Page (7808909006204507)"
        }
      }
     ,{
        "id":"7995133554205098"
       ,"Label":{
          "Label":"\u0026APP_USER."
        }
       ,"Icon":{
          "Image\/Icon CSS Classes":"fa-user"
        }
       ,"Layout":{
          "Sequence":70
        }
       ,"Is Current":{
          "Type":"Target Page"
        }
       ,"Link":{
          "Target":"#"
        }
       ,"Click Counting":{
          "Count Clicks":false
        }
       ,"User Defined Attributes":{
          "Translatable":false
         ,"2.":"has-username"
        }
      }
     ,{
        "id":"7995629726205100"
       ,"Label":{
          "Label":"---"
        }
       ,"Layout":{
          "Sequence":80
         ,"Parent Entry":"\u0026APP_USER. (7995133554205098)"
        }
       ,"Is Current":{
          "Type":"Target Page"
        }
       ,"Link":{
          "Target":"separator"
        }
       ,"Click Counting":{
          "Count Clicks":false
        }
       ,"User Defined Attributes":{
          "Translatable":false
        }
       ,"Server-side Condition":{
          "Type":"User is Authenticated (not public)"
        }
      }
     ,{
        "id":"7996029817205100"
       ,"Label":{
          "Label":"Sign Out"
        }
       ,"Icon":{
          "Image\/Icon CSS Classes":"fa-sign-out"
        }
       ,"Layout":{
          "Sequence":90
         ,"Parent Entry":"\u0026APP_USER. (7995133554205098)"
        }
       ,"Is Current":{
          "Type":"Target Page"
        }
       ,"Link":{
          "Target":"\u0026LOGOUT_URL."
        }
       ,"Click Counting":{
          "Count Clicks":false
        }
       ,"User Defined Attributes":{
          "Translatable":false
        }
       ,"Server-side Condition":{
          "Type":"User is Authenticated (not public)"
        }
      }
     ,{
        "id":"8022560346205189"
       ,"Label":{
          "Label":"Settings"
        }
       ,"Icon":{
          "Image\/Icon CSS Classes":"fa-gear"
        }
       ,"Layout":{
          "Sequence":1
         ,"Parent Entry":"\u0026APP_USER. (7995133554205098)"
        }
       ,"Is Current":{
          "Type":"Target Page"
        }
       ,"Link":{
          "Target":{
            "url":"f?p=\u0026APP_ID.:20000:\u0026APP_SESSION.::\u0026DEBUG.:::"
           ,"Page":"20000"
          }
        }
       ,"Click Counting":{
          "Count Clicks":false
        }
       ,"User Defined Attributes":{
          "Translatable":false
        }
       ,"Configuration":{
          "Build Option":"Feature: User Settings (8016158397205171)"
        }
      }
    ]
  }
 ,{
    "id":"7822798171204565"
   ,"Identification":{
      "Name":"Page Navigation"
    }
   ,"Source":{
      "Type":"Static Values"
    }
   ,"Entries":[
      {
        "id":"7823101436204567"
       ,"Label":{
          "Label":"Child Details"
        }
       ,"Icon":{
          "Image\/Icon CSS Classes":"fa-address-book"
        }
       ,"Layout":{
          "Sequence":20
        }
       ,"Is Current":{
          "Type":"Target Page"
        }
       ,"Link":{
          "Target":{
            "url":"f?p=\u0026APP_ID.:2:\u0026APP_SESSION.::\u0026DEBUG.:::"
           ,"Page":"2"
          }
        }
       ,"Click Counting":{
          "Count Clicks":false
        }
       ,"User Defined Attributes":{
          "Translatable":false
        }
      }
    ]
  }
 ,{
    "id":"7997786416205103"
   ,"Identification":{
      "Name":"Application Configuration"
    }
   ,"Source":{
      "Type":"Static Values"
    }
   ,"Configuration":{
      "Build Option":"Feature: Configuration Options (7808620773204507)"
    }
   ,"Entries":[
      {
        "id":"7998165061205103"
       ,"Label":{
          "Label":"Configuration Options"
        }
       ,"Icon":{
          "Image\/Icon CSS Classes":"fa-sliders"
        }
       ,"Layout":{
          "Sequence":10
        }
       ,"Is Current":{
          "Type":"Target Page"
        }
       ,"Link":{
          "Target":{
            "url":"f?p=\u0026APP_ID.:10010:\u0026APP_SESSION.::\u0026DEBUG.:10010::"
           ,"Page":"10010"
           ,"Clear Cache":"10010"
          }
        }
       ,"Click Counting":{
          "Count Clicks":false
        }
       ,"User Defined Attributes":{
          "Translatable":false
         ,"1.":"Enable or disable application features"
        }
       ,"Configuration":{
          "Build Option":"Feature: Configuration Options (7808620773204507)"
        }
      }
    ]
  }
 ,{
    "id":"7998400555205104"
   ,"Identification":{
      "Name":"User Interface"
    }
   ,"Source":{
      "Type":"Static Values"
    }
   ,"Configuration":{
      "Build Option":"Feature: Theme Style Selection (7809091826204507)"
    }
   ,"Entries":[
      {
        "id":"7998816169205104"
       ,"Label":{
          "Label":"Theme Style Selection"
        }
       ,"Icon":{
          "Image\/Icon CSS Classes":"fa-paint-brush"
        }
       ,"Layout":{
          "Sequence":10
        }
       ,"Is Current":{
          "Type":"Target Page"
        }
       ,"Link":{
          "Target":{
            "url":"f?p=\u0026APP_ID.:10020:\u0026APP_SESSION.::\u0026DEBUG.:10020::"
           ,"Page":"10020"
           ,"Clear Cache":"10020"
          }
        }
       ,"Click Counting":{
          "Count Clicks":false
        }
       ,"User Defined Attributes":{
          "Translatable":false
         ,"1.":"Set the default application look and feel"
        }
       ,"Configuration":{
          "Build Option":"Feature: Theme Style Selection (7809091826204507)"
        }
      }
    ]
  }
 ,{
    "id":"7999167596205106"
   ,"Identification":{
      "Name":"Activity Reports"
    }
   ,"Source":{
      "Type":"Static Values"
    }
   ,"Configuration":{
      "Build Option":"Feature: Activity Reporting (7808342817204507)"
    }
   ,"Entries":[
      {
        "id":"7999556813205106"
       ,"Label":{
          "Label":"Dashboard"
        }
       ,"Icon":{
          "Image\/Icon CSS Classes":"fa-area-chart"
        }
       ,"Layout":{
          "Sequence":10
        }
       ,"Is Current":{
          "Type":"Target Page"
        }
       ,"Link":{
          "Target":{
            "url":"f?p=\u0026APP_ID.:10030:\u0026APP_SESSION.::\u0026DEBUG.:10030::"
           ,"Page":"10030"
           ,"Clear Cache":"10030"
          }
        }
       ,"Click Counting":{
          "Count Clicks":false
        }
       ,"User Defined Attributes":{
          "Translatable":false
         ,"1.":"View application activity metrics"
        }
      }
     ,{
        "id":"7999935096205107"
       ,"Label":{
          "Label":"Top Users"
        }
       ,"Icon":{
          "Image\/Icon CSS Classes":"fa-user-chart"
        }
       ,"Layout":{
          "Sequence":20
        }
       ,"Is Current":{
          "Type":"Target Page"
        }
       ,"Link":{
          "Target":{
            "url":"f?p=\u0026APP_ID.:10031:\u0026APP_SESSION.::\u0026DEBUG.:10031::"
           ,"Page":"10031"
           ,"Clear Cache":"10031"
          }
        }
       ,"Click Counting":{
          "Count Clicks":false
        }
       ,"User Defined Attributes":{
          "Translatable":false
         ,"1.":"Report of page views aggregated by user"
        }
      }
     ,{
        "id":"8000341236205107"
       ,"Label":{
          "Label":"Application Error Log"
        }
       ,"Icon":{
          "Image\/Icon CSS Classes":"fa-exclamation"
        }
       ,"Layout":{
          "Sequence":30
        }
       ,"Is Current":{
          "Type":"Target Page"
        }
       ,"Link":{
          "Target":{
            "url":"f?p=\u0026APP_ID.:10032:\u0026APP_SESSION.::\u0026DEBUG.:10032::"
           ,"Page":"10032"
           ,"Clear Cache":"10032"
          }
        }
       ,"Click Counting":{
          "Count Clicks":false
        }
       ,"User Defined Attributes":{
          "Translatable":false
         ,"1.":"Report of errors logged by this application"
        }
      }
     ,{
        "id":"8000796306205107"
       ,"Label":{
          "Label":"Page Performance"
        }
       ,"Icon":{
          "Image\/Icon CSS Classes":"fa-file-chart"
        }
       ,"Layout":{
          "Sequence":40
        }
       ,"Is Current":{
          "Type":"Target Page"
        }
       ,"Link":{
          "Target":{
            "url":"f?p=\u0026APP_ID.:10033:\u0026APP_SESSION.::\u0026DEBUG.:10033::"
           ,"Page":"10033"
           ,"Clear Cache":"10033"
          }
        }
       ,"Click Counting":{
          "Count Clicks":false
        }
       ,"User Defined Attributes":{
          "Translatable":false
         ,"1.":"Report of activity and performance by application page"
        }
      }
     ,{
        "id":"8001164306205109"
       ,"Label":{
          "Label":"Page Views"
        }
       ,"Icon":{
          "Image\/Icon CSS Classes":"fa-file-search"
        }
       ,"Layout":{
          "Sequence":50
        }
       ,"Is Current":{
          "Type":"Target Page"
        }
       ,"Link":{
          "Target":{
            "url":"f?p=\u0026APP_ID.:10034:\u0026APP_SESSION.::\u0026DEBUG.:RR,10034::"
           ,"Page":"10034"
           ,"Clear Cache":"RR,10034"
          }
        }
       ,"Click Counting":{
          "Count Clicks":false
        }
       ,"User Defined Attributes":{
          "Translatable":false
         ,"1.":"Report of each page view by user including date of access and elapsed time"
        }
      }
     ,{
        "id":"8001568788205109"
       ,"Label":{
          "Label":"Automations Log"
        }
       ,"Icon":{
          "Image\/Icon CSS Classes":"fa-gears"
        }
       ,"Layout":{
          "Sequence":60
        }
       ,"Is Current":{
          "Type":"Target Page"
        }
       ,"Link":{
          "Target":{
            "url":"f?p=\u0026APP_ID.:10035:\u0026APP_SESSION.::\u0026DEBUG.:RR,10035::"
           ,"Page":"10035"
           ,"Clear Cache":"RR,10035"
          }
        }
       ,"Click Counting":{
          "Count Clicks":false
        }
       ,"User Defined Attributes":{
          "Translatable":false
         ,"1.":"Report of automation executions and messages logged by this application"
        }
       ,"Server-side Condition":{
          "Type":"Rows returned"
         ,"SQL Query":"select 1\nfrom apex_appl_automations a, apex_automation_log l\nwhere a.automation_id = l.automation_id\nand l.application_id = :APP_ID"
        }
      }
    ]
  }
 ,{
    "id":"8001871468205109"
   ,"Identification":{
      "Name":"Access Control"
    }
   ,"Source":{
      "Type":"Static Values"
    }
   ,"Configuration":{
      "Build Option":"Feature: Access Control (7808263998204507)"
    }
   ,"Entries":[
      {
        "id":"8002245501205110"
       ,"Label":{
          "Label":"Users"
        }
       ,"Icon":{
          "Image\/Icon CSS Classes":"fa-users"
        }
       ,"Layout":{
          "Sequence":10
        }
       ,"Is Current":{
          "Type":"Target Page"
        }
       ,"Link":{
          "Target":{
            "url":"f?p=\u0026APP_ID.:10041:\u0026APP_SESSION.::\u0026DEBUG.:RP::"
           ,"Page":"10041"
           ,"Clear Cache":"RP"
          }
        }
       ,"Click Counting":{
          "Count Clicks":false
        }
       ,"User Defined Attributes":{
          "Translatable":false
         ,"1.":"Set level of access for authenticated users of this application"
        }
      }
     ,{
        "id":"8002617658205110"
       ,"Label":{
          "Label":"Access Control"
        }
       ,"Icon":{
          "Image\/Icon CSS Classes":"fa-key"
        }
       ,"Layout":{
          "Sequence":20
        }
       ,"Is Current":{
          "Type":"Target Page"
        }
       ,"Link":{
          "Target":{
            "url":"f?p=\u0026APP_ID.:10040:\u0026APP_SESSION.::\u0026DEBUG.:::"
           ,"Page":"10040"
          }
        }
       ,"Click Counting":{
          "Count Clicks":false
        }
       ,"User Defined Attributes":{
          "Translatable":false
         ,"1.":"Change access control settings and disable access control"
        }
      }
    ]
  }
 ,{
    "id":"8002947260205112"
   ,"Identification":{
      "Name":"Feedback"
    }
   ,"Source":{
      "Type":"Static Values"
    }
   ,"Configuration":{
      "Build Option":"Feature: Feedback (7808462870204507)"
    }
   ,"Entries":[
      {
        "id":"8003344919205112"
       ,"Label":{
          "Label":"User Feedback"
        }
       ,"Icon":{
          "Image\/Icon CSS Classes":"fa-comment-o"
        }
       ,"Layout":{
          "Sequence":10
        }
       ,"Is Current":{
          "Type":"Target Page"
        }
       ,"Link":{
          "Target":{
            "url":"f?p=\u0026APP_ID.:10053:\u0026APP_SESSION.::\u0026DEBUG.:10053::"
           ,"Page":"10053"
           ,"Clear Cache":"10053"
          }
        }
       ,"Click Counting":{
          "Count Clicks":false
        }
       ,"User Defined Attributes":{
          "Translatable":false
         ,"1.":"Report of all feedback submitted by application users"
        }
      }
    ]
  }
 ,{
    "id":"8019720649205181"
   ,"Identification":{
      "Name":"User Settings"
    }
   ,"Source":{
      "Type":"Static Values"
    }
   ,"Configuration":{
      "Build Option":"Feature: User Settings (8016158397205171)"
    }
   ,"Entries":[
      {
        "id":"8020185887205181"
       ,"Label":{
          "Label":"Push Notifications"
        }
       ,"Icon":{
          "Image\/Icon CSS Classes":"fa-bell-o"
        }
       ,"Layout":{
          "Sequence":10
        }
       ,"Is Current":{
          "Type":"Target Page"
        }
       ,"Link":{
          "Target":{
            "url":"f?p=\u0026APP_ID.:20010:\u0026APP_SESSION.::\u0026DEBUG.:::"
           ,"Page":"20010"
          }
        }
       ,"Click Counting":{
          "Count Clicks":false
        }
       ,"User Defined Attributes":{
          "Translatable":false
         ,"1.":"Configure whether you want to receive push notifications on this device."
         ,"2.":"\u003Cspan class=\"a-pwaPush--state\"\u003E\u003C\/span\u003E"
        }
       ,"Configuration":{
          "Build Option":"Feature: Push Notifications (8015806757205171)"
        }
      }
    ]
  }
]
