[
  {
    "id":"7836178406204606"
   ,"Identification":{
      "Name":"DESKTOP THEME STYLES"
    }
   ,"Source":{
      "Location":"Local Database"
     ,"Type":"SQL Query"
     ,"SQL Query":"select s.name d,\n       s.theme_style_id r\n  from apex_application_theme_styles s,\n       apex_application_themes t\n where s.application_id = :app_id\n   and t.application_id = s.application_id\n   and t.theme_number   = s.theme_number\n   and t.is_current     = \u0027Yes\u0027\n order by 1"
    }
   ,"Column Mapping":{
      "Return":"R"
     ,"Display":"D"
     ,"Default Sort":"Use Order By from Query"
    }
  }
 ,{
    "id":"7836859063204609"
   ,"Identification":{
      "Name":"USER_THEME_PREFERENCE"
    }
   ,"Source":{
      "Location":"Static Values"
    }
   ,"Entries":[
      {
        "id":"7837198054204610"
       ,"Entry":{
          "Sequence":1
         ,"Display":"Allow End Users to choose Theme Style"
         ,"Return":"Yes"
        }
      }
    ]
  }
 ,{
    "id":"7855759973204759"
   ,"Identification":{
      "Name":"TIMEFRAME (4 WEEKS)"
    }
   ,"Source":{
      "Location":"Local Database"
     ,"Type":"SQL Query"
     ,"SQL Query":"select disp,\n       val as seconds\n  from table( apex_util.get_timeframe_lov_data )\n order by insert_order"
    }
   ,"Column Mapping":{
      "Return":"SECONDS"
     ,"Display":"DISP"
     ,"Default Sort":"Use Order By from Query"
    }
  }
 ,{
    "id":"7902164684204878"
   ,"Identification":{
      "Name":"VIEW_AS_REPORT_CHART"
    }
   ,"Source":{
      "Location":"Static Values"
    }
   ,"Entries":[
      {
        "id":"7902458134204878"
       ,"Entry":{
          "Sequence":1
         ,"Display":"Add Report Page"
         ,"Return":"REPORT"
        }
       ,"Globalization":{
          "Template":"\u003Cspan class=\"fa fa-table\" aria-hidden=\"true\"\u003E\u003C\/span\u003E\u003Cspan class=\"u-VisuallyHidden\"\u003E#DISPLAY_VALUE#\u003C\/span\u003E"
        }
      }
     ,{
        "id":"7902846608204878"
       ,"Entry":{
          "Sequence":2
         ,"Display":"Add Chart Page"
         ,"Return":"CHART"
        }
       ,"Globalization":{
          "Template":"\u003Cspan class=\"fa fa-pie-chart\" aria-hidden=\"true\"\u003E\u003C\/span\u003E\u003Cspan class=\"u-VisuallyHidden\"\u003E#DISPLAY_VALUE#\u003C\/span\u003E"
        }
      }
    ]
  }
 ,{
    "id":"7934725874204954"
   ,"Identification":{
      "Name":"ACCESS_ROLES"
    }
   ,"Source":{
      "Location":"Local Database"
     ,"Type":"SQL Query"
     ,"SQL Query":"select role_name d, role_id r\nfrom APEX_APPL_ACL_ROLES where application_id = :APP_ID \norder by 1"
    }
   ,"Column Mapping":{
      "Return":"R"
     ,"Display":"D"
     ,"Default Sort":"Use Order By from Query"
    }
  }
 ,{
    "id":"7942245900204971"
   ,"Identification":{
      "Name":"EMAIL_USERNAME_FORMAT"
    }
   ,"Source":{
      "Location":"Static Values"
    }
   ,"Entries":[
      {
        "id":"7942525043204971"
       ,"Entry":{
          "Sequence":1
         ,"Display":"Email Addresses"
         ,"Return":"EMAIL"
        }
      }
    ]
  }
 ,{
    "id":"7959473330205017"
   ,"Identification":{
      "Name":"FEEDBACK_RATING"
    }
   ,"Source":{
      "Location":"Static Values"
    }
   ,"Entries":[
      {
        "id":"7959793902205017"
       ,"Entry":{
          "Sequence":1
         ,"Display":"Positive"
         ,"Return":"3"
        }
       ,"Globalization":{
          "Template":"\u003Cspan title=\"#DISPLAY_VALUE#\" aria-label=\"#DISPLAY_VALUE#\"\u003E\u003Cspan class=\"fa fa-smile-o fa-2x feedback-positive\" aria-hidden=\"true\" \u003E\u003C\/span\u003E\u003C\/span\u003E"
        }
      }
     ,{
        "id":"7960186479205018"
       ,"Entry":{
          "Sequence":2
         ,"Display":"Neutral"
         ,"Return":"2"
        }
       ,"Globalization":{
          "Template":"\u003Cspan title=\"#DISPLAY_VALUE#\" aria-label=\"#DISPLAY_VALUE#\"\u003E\u003Cspan class=\"fa fa-emoji-neutral fa-2x feedback-neutral\" aria-hidden=\"true\" \u003E\u003C\/span\u003E\u003C\/span\u003E"
        }
      }
     ,{
        "id":"7960529471205018"
       ,"Entry":{
          "Sequence":3
         ,"Display":"Negative"
         ,"Return":"1"
        }
       ,"Globalization":{
          "Template":"\u003Cspan title=\"#DISPLAY_VALUE#\" aria-label=\"#DISPLAY_VALUE#\"\u003E\u003Cspan class=\"fa fa-frown-o fa-2x feedback-negative\" aria-hidden=\"true\" \u003E\u003C\/span\u003E\u003C\/span\u003E"
        }
      }
    ]
  }
 ,{
    "id":"7971847977205042"
   ,"Identification":{
      "Name":"FEEDBACK_STATUS"
    }
   ,"Source":{
      "Location":"Static Values"
    }
   ,"Entries":[
      {
        "id":"7972122235205042"
       ,"Entry":{
          "Sequence":1
         ,"Display":"No Action"
         ,"Return":"0"
        }
      }
     ,{
        "id":"7972577655205043"
       ,"Entry":{
          "Sequence":2
         ,"Display":"Acknowledged"
         ,"Return":"1"
        }
      }
     ,{
        "id":"7972914215205043"
       ,"Entry":{
          "Sequence":3
         ,"Display":"Open"
         ,"Return":"3"
        }
      }
     ,{
        "id":"7973376033205045"
       ,"Entry":{
          "Sequence":4
         ,"Display":"Closed"
         ,"Return":"4"
        }
      }
    ]
  }
]
