[
  {
    "id":"7700083500204292"
   ,"Identification":{
      "Name":"Avatar"
    }
  }
 ,{
    "id":"7708981727204312"
   ,"Identification":{
      "Name":"Badge"
    }
  }
 ,{
    "id":"7714846403204326"
   ,"Identification":{
      "Name":"Button"
    }
  }
 ,{
    "id":"7717516711204335"
   ,"Identification":{
      "Name":"Comments"
    }
  }
 ,{
    "id":"7727580303204357"
   ,"Identification":{
      "Name":"Content Row"
    }
  }
 ,{
    "id":"7749901889204392"
   ,"Identification":{
      "Name":"Media List"
    }
  }
 ,{
    "id":"7766696830204425"
   ,"Identification":{
      "Name":"Timeline"
    }
  }
]
