{
  "id":"22"
 ,"Identification":{
    "Name":"Master Detail"
   ,"Alias":"MASTER-DETAIL"
   ,"Title":"Master Detail"
  }
 ,"Appearance":{
    "Page Mode":"Normal"
   ,"Page Template":"Left Side Column (7534832669204067)"
   ,"Template Options":[
      "#DEFAULT#"
    ]
  }
 ,"Navigation Menu":{
    "Override User Interface Level":false
  }
 ,"Navigation":{
    "Cursor Focus":"Do not focus cursor"
   ,"Warn on Unsaved Changes":false
  }
 ,"CSS":{
    "Inline":"\/* Scroll Results Only in Side Column *\/\n.t-Body-side {\n    display: flex;\n    flex-direction: column;\n    overflow: hidden;\n}\n.search-results {\n    flex: 1;\n    overflow: auto;\n}\n\/* Format Search Region *\/\n.search-region {\n    border-bottom: 1px solid rgba(0,0,0,.1);\n    flex-shrink: 0;\n}"
  }
 ,"Security":{
    "Authentication":"Page Requires Authentication"
   ,"Deep Linking":"Application Default"
   ,"Page Access Protection":"Arguments Must Have Checksum"
   ,"Form Auto Complete":"On"
   ,"Browser Cache":"Application Default"
  }
 ,"Session Management":{
    "Rejoin Sessions":"Application Default"
  }
 ,"Advanced":{
    "Enable duplicate page submissions":"No - Prevent page from being re-posted"
   ,"Reload on Submit":"Always"
  }
 ,"Server Cache":{
    "Caching":"Disabled"
  }
 ,"Regions":[
    {
      "id":"8287917768273907"
     ,"Identification":{
        "Title":"Breadcrumb"
       ,"Type":"Breadcrumb"
      }
     ,"Source":{
        "Breadcrumb":"Breadcrumb (7521515688204037)"
      }
     ,"Layout":{
        "Sequence":10
       ,"Parent Region":"No Parent"
       ,"Position":"REGION_POSITION_01"
       ,"Start New Layout":false
       ,"Start New Row":true
       ,"Column":"Automatic"
       ,"New Column":true
       ,"Column Span":"Automatic"
      }
     ,"Appearance":{
        "Template":"Title Bar (7637275187204192)"
       ,"Template Options":[
          "#DEFAULT#"
         ,"t-BreadcrumbRegion--useBreadcrumbTitle"
        ]
       ,"Render Components":"Above Content"
      }
     ,"Accessibility":{
        "Use Landmark":true
       ,"Landmark Type":"Template Default"
      }
     ,"Advanced":{
        "Region Display Selector":false
       ,"Exclude Title from Translation":false
      }
     ,"Server Cache":{
        "Caching":"Disabled"
      }
     ,"Customization":{
        "Customizable":"Not Customizable By End Users"
      }
     ,"Attributes":{
        "Appearance":{
          "Breadcrumb Template":"Breadcrumb (7699646795204285)"
         ,"Template Options":[
            "#DEFAULT#"
          ]
        }
      }
    }
   ,{
      "id":"8289396864273917"
     ,"Identification":{
        "Title":"Search"
       ,"Type":"Static Content"
      }
     ,"Layout":{
        "Sequence":10
       ,"Parent Region":"No Parent"
       ,"Position":"REGION_POSITION_02"
       ,"Start New Layout":false
       ,"Start New Row":true
       ,"Column":"Automatic"
       ,"New Column":true
       ,"Column Span":"Automatic"
      }
     ,"Appearance":{
        "Template":"Blank with Attributes (7558297554204093)"
       ,"Template Options":[
          "#DEFAULT#"
         ,"t-Form--stretchInputs"
        ]
       ,"CSS Classes":[
          "search-region"
         ,"padding-md"
        ]
       ,"Render Components":"Above Content"
      }
     ,"Accessibility":{
        "Use Landmark":true
       ,"Landmark Type":"Template Default"
      }
     ,"Advanced":{
        "Region Display Selector":false
       ,"Exclude Title from Translation":false
      }
     ,"Server Cache":{
        "Caching":"Disabled"
      }
     ,"Customization":{
        "Customizable":"Not Customizable By End Users"
      }
     ,"Attributes":{
        "Settings":{
          "Output As":"HTML"
         ,"Expand Shortcuts":false
        }
      }
    }
   ,{
      "id":"8290173768273934"
     ,"Identification":{
        "Title":"Master Records"
       ,"Type":"Classic Report"
      }
     ,"Source":{
        "Location":"Local Database"
       ,"Type":"SQL Query"
       ,"SQL Query":"select \"CHILD_ID\",\n    null LINK_CLASS,\n    apex_page.get_url(p_items =\u003E \u0027P22_CHILD_ID\u0027, p_values =\u003E \"CHILD_ID\") LINK,\n    null ICON_CLASS,\n    null LINK_ATTR,\n    null ICON_COLOR_CLASS,\n    case when coalesce(:P22_CHILD_ID,\u00270\u0027) = \"CHILD_ID\"\n      then \u0027is-active\u0027 \n      else \u0027 \u0027\n    end LIST_CLASS,\n    (substr(\"C_FIRST_NAME\", 1, 50)||( case when length(\"C_FIRST_NAME\") \u003E 50 then \u0027...\u0027 else \u0027\u0027 end )) LIST_TITLE,\n    (substr(\"C_FIRST_NAME\", 1, 50)||( case when length(\"C_FIRST_NAME\") \u003E 50 then \u0027...\u0027 else \u0027\u0027 end )) LIST_TEXT,\n    null LIST_BADGE\nfrom \"CHILD_INFORMATION\" x\nwhere (:P22_SEARCH is null\n        or upper(x.\"C_FIRST_NAME\") like \u0027%\u0027||upper(:P22_SEARCH)||\u0027%\u0027\n        or upper(x.\"C_FIRST_NAME\") like \u0027%\u0027||upper(:P22_SEARCH)||\u0027%\u0027\n    )\norder by \"C_FIRST_NAME\""
       ,"Page Items to Submit":[
          "P22_SEARCH"
        ]
      }
     ,"Layout":{
        "Sequence":20
       ,"Parent Region":"No Parent"
       ,"Position":"REGION_POSITION_02"
       ,"Start New Layout":false
       ,"Start New Row":true
       ,"Column":"Automatic"
       ,"New Column":true
       ,"Column Span":"Automatic"
      }
     ,"Appearance":{
        "Template":"Blank with Attributes (No Grid) (7559604466204095)"
       ,"Template Options":[
          "#DEFAULT#"
        ]
       ,"CSS Classes":[
          "search-results"
        ]
       ,"Render Components":"Above Content"
      }
     ,"Accessibility":{
        "Use Landmark":true
       ,"Landmark Type":"Template Default"
      }
     ,"Advanced":{
        "Region Display Selector":false
       ,"Exclude Title from Translation":false
      }
     ,"Server Cache":{
        "Caching":"Disabled"
      }
     ,"Customization":{
        "Customizable":"Not Customizable By End Users"
      }
     ,"Attributes":{
        "Layout":{
          "Number of Rows Type":"Static Value"
         ,"Number of Rows":1000
        }
       ,"Appearance":{
          "Template Type":"Theme"
         ,"Template":"Media List (7648603231204207)"
         ,"Template Options":[
            "t-MediaList--showDesc"
           ,"t-MediaList--stack"
          ]
        }
       ,"Pagination":{
          "Type":"No Pagination (Show All Rows)"
         ,"Partial Page Refresh":true
        }
       ,"Performance":{
          "Lazy Loading":false
         ,"Maximum Rows to Process":500
        }
       ,"Messages":{
          "When No Data Found":"\u003Cdiv class=\"u-tC\"\u003ENo data found.\u003C\/div\u003E"
        }
       ,"Break Formatting":{
          "Break Columns":"No Break"
        }
       ,"Advanced":{
          "Strip HTML":false
         ,"Sort Nulls":"Last"
        }
       ,"Heading":{
          "Type":"Custom Headings"
        }
       ,"Download":{
          "CSV Export Enabled":false
        }
       ,"Printing":{
          "Enabled":false
        }
      }
     ,"Columns":[
        {
          "id":"8290810404273971"
         ,"Identification":{
            "Column Name":"CHILD_ID"
           ,"Type":"Plain Text"
          }
         ,"Heading":{
            "Heading":"CHILD_ID"
           ,"Alignment":"center"
          }
         ,"Layout":{
            "Sequence":1
           ,"Column Alignment":"start"
          }
         ,"Accessibility":{
            "Value Identifies Row":false
          }
         ,"Sorting":{
            "Sortable":false
          }
         ,"Export \/ Printing":{
            "Include In Export \/ Print":true
          }
         ,"Advanced":{
            "Compute Sum":false
          }
         ,"UI Defaults Reference":{
            "Table Owner":"Parsing Schema"
          }
         ,"Security":{
            "Escape special characters":true
          }
        }
       ,{
          "id":"8291268948273975"
         ,"Identification":{
            "Column Name":"LINK_CLASS"
           ,"Type":"Plain Text"
          }
         ,"Heading":{
            "Heading":"LINK_CLASS"
           ,"Alignment":"center"
          }
         ,"Layout":{
            "Sequence":2
           ,"Column Alignment":"start"
          }
         ,"Accessibility":{
            "Value Identifies Row":false
          }
         ,"Sorting":{
            "Sortable":false
          }
         ,"Export \/ Printing":{
            "Include In Export \/ Print":true
          }
         ,"Advanced":{
            "Compute Sum":false
          }
         ,"UI Defaults Reference":{
            "Table Owner":"Parsing Schema"
          }
         ,"Security":{
            "Escape special characters":true
          }
        }
       ,{
          "id":"8291677677273976"
         ,"Identification":{
            "Column Name":"LINK"
           ,"Type":"Plain Text"
          }
         ,"Heading":{
            "Heading":"LINK"
           ,"Alignment":"center"
          }
         ,"Layout":{
            "Sequence":3
           ,"Column Alignment":"start"
          }
         ,"Accessibility":{
            "Value Identifies Row":false
          }
         ,"Sorting":{
            "Sortable":false
          }
         ,"Export \/ Printing":{
            "Include In Export \/ Print":true
          }
         ,"Advanced":{
            "Compute Sum":false
          }
         ,"UI Defaults Reference":{
            "Table Owner":"Parsing Schema"
          }
         ,"Security":{
            "Escape special characters":true
          }
        }
       ,{
          "id":"8292076825273978"
         ,"Identification":{
            "Column Name":"ICON_CLASS"
           ,"Type":"Plain Text"
          }
         ,"Heading":{
            "Heading":"ICON_CLASS"
           ,"Alignment":"center"
          }
         ,"Layout":{
            "Sequence":4
           ,"Column Alignment":"start"
          }
         ,"Accessibility":{
            "Value Identifies Row":false
          }
         ,"Sorting":{
            "Sortable":false
          }
         ,"Export \/ Printing":{
            "Include In Export \/ Print":true
          }
         ,"Advanced":{
            "Compute Sum":false
          }
         ,"UI Defaults Reference":{
            "Table Owner":"Parsing Schema"
          }
         ,"Security":{
            "Escape special characters":true
          }
        }
       ,{
          "id":"8292472650273978"
         ,"Identification":{
            "Column Name":"LINK_ATTR"
           ,"Type":"Plain Text"
          }
         ,"Heading":{
            "Heading":"LINK_ATTR"
           ,"Alignment":"center"
          }
         ,"Layout":{
            "Sequence":5
           ,"Column Alignment":"start"
          }
         ,"Accessibility":{
            "Value Identifies Row":false
          }
         ,"Sorting":{
            "Sortable":false
          }
         ,"Export \/ Printing":{
            "Include In Export \/ Print":true
          }
         ,"Advanced":{
            "Compute Sum":false
          }
         ,"UI Defaults Reference":{
            "Table Owner":"Parsing Schema"
          }
         ,"Security":{
            "Escape special characters":true
          }
        }
       ,{
          "id":"8292837221273978"
         ,"Identification":{
            "Column Name":"ICON_COLOR_CLASS"
           ,"Type":"Plain Text"
          }
         ,"Heading":{
            "Heading":"ICON_COLOR_CLASS"
           ,"Alignment":"center"
          }
         ,"Layout":{
            "Sequence":6
           ,"Column Alignment":"start"
          }
         ,"Accessibility":{
            "Value Identifies Row":false
          }
         ,"Sorting":{
            "Sortable":false
          }
         ,"Export \/ Printing":{
            "Include In Export \/ Print":true
          }
         ,"Advanced":{
            "Compute Sum":false
          }
         ,"UI Defaults Reference":{
            "Table Owner":"Parsing Schema"
          }
         ,"Security":{
            "Escape special characters":true
          }
        }
       ,{
          "id":"8293227144273979"
         ,"Identification":{
            "Column Name":"LIST_CLASS"
           ,"Type":"Plain Text"
          }
         ,"Heading":{
            "Heading":"LIST_CLASS"
           ,"Alignment":"center"
          }
         ,"Layout":{
            "Sequence":7
           ,"Column Alignment":"start"
          }
         ,"Accessibility":{
            "Value Identifies Row":false
          }
         ,"Sorting":{
            "Sortable":false
          }
         ,"Export \/ Printing":{
            "Include In Export \/ Print":true
          }
         ,"Advanced":{
            "Compute Sum":false
          }
         ,"UI Defaults Reference":{
            "Table Owner":"Parsing Schema"
          }
         ,"Security":{
            "Escape special characters":true
          }
        }
       ,{
          "id":"8293699589273981"
         ,"Identification":{
            "Column Name":"LIST_TITLE"
           ,"Type":"Plain Text"
          }
         ,"Heading":{
            "Heading":"LIST_TITLE"
           ,"Alignment":"center"
          }
         ,"Layout":{
            "Sequence":8
           ,"Column Alignment":"start"
          }
         ,"Accessibility":{
            "Value Identifies Row":false
          }
         ,"Sorting":{
            "Sortable":false
          }
         ,"Export \/ Printing":{
            "Include In Export \/ Print":true
          }
         ,"Advanced":{
            "Compute Sum":false
          }
         ,"UI Defaults Reference":{
            "Table Owner":"Parsing Schema"
          }
         ,"Security":{
            "Escape special characters":true
          }
        }
       ,{
          "id":"8294094041273981"
         ,"Identification":{
            "Column Name":"LIST_TEXT"
           ,"Type":"Plain Text"
          }
         ,"Heading":{
            "Heading":"LIST_TEXT"
           ,"Alignment":"center"
          }
         ,"Layout":{
            "Sequence":9
           ,"Column Alignment":"start"
          }
         ,"Accessibility":{
            "Value Identifies Row":false
          }
         ,"Sorting":{
            "Sortable":false
          }
         ,"Export \/ Printing":{
            "Include In Export \/ Print":true
          }
         ,"Advanced":{
            "Compute Sum":false
          }
         ,"UI Defaults Reference":{
            "Table Owner":"Parsing Schema"
          }
         ,"Security":{
            "Escape special characters":true
          }
        }
       ,{
          "id":"8294461688273982"
         ,"Identification":{
            "Column Name":"LIST_BADGE"
           ,"Type":"Plain Text"
          }
         ,"Heading":{
            "Heading":"LIST_BADGE"
           ,"Alignment":"center"
          }
         ,"Layout":{
            "Sequence":10
           ,"Column Alignment":"start"
          }
         ,"Accessibility":{
            "Value Identifies Row":false
          }
         ,"Sorting":{
            "Sortable":false
          }
         ,"Export \/ Printing":{
            "Include In Export \/ Print":true
          }
         ,"Advanced":{
            "Compute Sum":false
          }
         ,"UI Defaults Reference":{
            "Table Owner":"Parsing Schema"
          }
         ,"Security":{
            "Escape special characters":true
          }
        }
      ]
    }
   ,{
      "id":"8294819798274093"
     ,"Identification":{
        "Title":"Child Information"
       ,"Type":"Classic Report"
      }
     ,"Source":{
        "Location":"Local Database"
       ,"Type":"Table \/ View"
       ,"Table Owner":"Parsing Schema"
       ,"Table Name":"CHILD_INFORMATION"
       ,"Include ROWID Column":false
       ,"Where Clause":"\"CHILD_ID\" = :P22_CHILD_ID"
      }
     ,"Order By":{
        "Type":"None"
      }
     ,"Layout":{
        "Sequence":10
       ,"Parent Region":"No Parent"
       ,"Position":"BODY"
       ,"Start New Layout":false
       ,"Start New Row":true
       ,"Column":"Automatic"
       ,"New Column":true
       ,"Column Span":"Automatic"
      }
     ,"Appearance":{
        "Template":"Standard (7624885982204178)"
       ,"Template Options":[
          "#DEFAULT#"
         ,"t-Region--noPadding"
         ,"t-Region--scrollBody"
        ]
       ,"CSS Classes":[
          "js-master-region"
        ]
       ,"Render Components":"Above Content"
      }
     ,"Accessibility":{
        "Use Landmark":true
       ,"Landmark Type":"Template Default"
      }
     ,"Advanced":{
        "Region Display Selector":false
       ,"Exclude Title from Translation":false
      }
     ,"Server-side Condition":{
        "Type":"Item is NOT NULL"
       ,"Item":"P22_CHILD_ID"
      }
     ,"Server Cache":{
        "Caching":"Disabled"
      }
     ,"Customization":{
        "Customizable":"Not Customizable By End Users"
      }
     ,"Attributes":{
        "Layout":{
          "Number of Rows Type":"Static Value"
         ,"Number of Rows":15
        }
       ,"Appearance":{
          "Template Type":"Theme"
         ,"Template":"Value Attribute Pairs - Column (7654020181204217)"
         ,"Template Options":[
            "#DEFAULT#"
           ,"t-AVPList--leftAligned"
          ]
        }
       ,"Pagination":{
          "Type":"No Pagination (Show All Rows)"
         ,"Partial Page Refresh":true
        }
       ,"Performance":{
          "Lazy Loading":false
         ,"Maximum Rows to Process":500
        }
       ,"Messages":{
          "When No Data Found":"No Record Selected"
        }
       ,"Break Formatting":{
          "Break Columns":"No Break"
        }
       ,"Advanced":{
          "Strip HTML":true
         ,"Sort Nulls":"Last"
        }
       ,"Heading":{
          "Type":"Custom Headings"
        }
       ,"Download":{
          "CSV Export Enabled":false
        }
       ,"Printing":{
          "Enabled":false
        }
      }
     ,"Columns":[
        {
          "id":"8295497506274096"
         ,"Identification":{
            "Column Name":"CHILD_ID"
           ,"Type":"Hidden Column"
          }
         ,"Layout":{
            "Sequence":1
          }
         ,"UI Defaults Reference":{
            "Table Owner":"Parsing Schema"
          }
         ,"Server-side Condition":{
            "Type":"Rows returned"
           ,"SQL Query":"select 1 from \"CHILD_INFORMATION\"\nwhere \"CHILD_ID\" is not null\nand \"CHILD_ID\" = :P22_CHILD_ID"
          }
         ,"Security":{
            "Escape special characters":true
          }
        }
       ,{
          "id":"8295887950274096"
         ,"Identification":{
            "Column Name":"C_FIRST_NAME"
           ,"Type":"Plain Text"
          }
         ,"Heading":{
            "Heading":"C First Name"
           ,"Alignment":"start"
          }
         ,"Layout":{
            "Sequence":2
           ,"Column Alignment":"start"
          }
         ,"Accessibility":{
            "Value Identifies Row":false
          }
         ,"Sorting":{
            "Sortable":false
          }
         ,"Export \/ Printing":{
            "Include In Export \/ Print":true
          }
         ,"Advanced":{
            "Compute Sum":false
          }
         ,"UI Defaults Reference":{
            "Table Owner":"Parsing Schema"
          }
         ,"Server-side Condition":{
            "Type":"Rows returned"
           ,"SQL Query":"select 1 from \"CHILD_INFORMATION\"\nwhere \"C_FIRST_NAME\" is not null\nand \"CHILD_ID\" = :P22_CHILD_ID"
          }
         ,"Security":{
            "Escape special characters":true
          }
        }
       ,{
          "id":"8296289101274098"
         ,"Identification":{
            "Column Name":"C_MIDDLE_NAME"
           ,"Type":"Plain Text"
          }
         ,"Heading":{
            "Heading":"C Middle Name"
           ,"Alignment":"start"
          }
         ,"Layout":{
            "Sequence":3
           ,"Column Alignment":"start"
          }
         ,"Accessibility":{
            "Value Identifies Row":false
          }
         ,"Sorting":{
            "Sortable":false
          }
         ,"Export \/ Printing":{
            "Include In Export \/ Print":true
          }
         ,"Advanced":{
            "Compute Sum":false
          }
         ,"UI Defaults Reference":{
            "Table Owner":"Parsing Schema"
          }
         ,"Server-side Condition":{
            "Type":"Rows returned"
           ,"SQL Query":"select 1 from \"CHILD_INFORMATION\"\nwhere \"C_MIDDLE_NAME\" is not null\nand \"CHILD_ID\" = :P22_CHILD_ID"
          }
         ,"Security":{
            "Escape special characters":true
          }
        }
       ,{
          "id":"8296664104274098"
         ,"Identification":{
            "Column Name":"C_LAST_NAME"
           ,"Type":"Plain Text"
          }
         ,"Heading":{
            "Heading":"C Last Name"
           ,"Alignment":"start"
          }
         ,"Layout":{
            "Sequence":4
           ,"Column Alignment":"start"
          }
         ,"Accessibility":{
            "Value Identifies Row":false
          }
         ,"Sorting":{
            "Sortable":false
          }
         ,"Export \/ Printing":{
            "Include In Export \/ Print":true
          }
         ,"Advanced":{
            "Compute Sum":false
          }
         ,"UI Defaults Reference":{
            "Table Owner":"Parsing Schema"
          }
         ,"Server-side Condition":{
            "Type":"Rows returned"
           ,"SQL Query":"select 1 from \"CHILD_INFORMATION\"\nwhere \"C_LAST_NAME\" is not null\nand \"CHILD_ID\" = :P22_CHILD_ID"
          }
         ,"Security":{
            "Escape special characters":true
          }
        }
       ,{
          "id":"8297062885274100"
         ,"Identification":{
            "Column Name":"C_SEX"
           ,"Type":"Plain Text"
          }
         ,"Heading":{
            "Heading":"C Sex"
           ,"Alignment":"start"
          }
         ,"Layout":{
            "Sequence":5
           ,"Column Alignment":"start"
          }
         ,"Accessibility":{
            "Value Identifies Row":false
          }
         ,"Sorting":{
            "Sortable":false
          }
         ,"Export \/ Printing":{
            "Include In Export \/ Print":true
          }
         ,"Advanced":{
            "Compute Sum":false
          }
         ,"UI Defaults Reference":{
            "Table Owner":"Parsing Schema"
          }
         ,"Server-side Condition":{
            "Type":"Rows returned"
           ,"SQL Query":"select 1 from \"CHILD_INFORMATION\"\nwhere \"C_SEX\" is not null\nand \"CHILD_ID\" = :P22_CHILD_ID"
          }
         ,"Security":{
            "Escape special characters":true
          }
        }
       ,{
          "id":"8297419729274100"
         ,"Identification":{
            "Column Name":"C_NATIONALITY"
           ,"Type":"Plain Text"
          }
         ,"Heading":{
            "Heading":"C Nationality"
           ,"Alignment":"start"
          }
         ,"Layout":{
            "Sequence":6
           ,"Column Alignment":"start"
          }
         ,"Accessibility":{
            "Value Identifies Row":false
          }
         ,"Sorting":{
            "Sortable":false
          }
         ,"Export \/ Printing":{
            "Include In Export \/ Print":true
          }
         ,"Advanced":{
            "Compute Sum":false
          }
         ,"UI Defaults Reference":{
            "Table Owner":"Parsing Schema"
          }
         ,"Server-side Condition":{
            "Type":"Rows returned"
           ,"SQL Query":"select 1 from \"CHILD_INFORMATION\"\nwhere \"C_NATIONALITY\" is not null\nand \"CHILD_ID\" = :P22_CHILD_ID"
          }
         ,"Security":{
            "Escape special characters":true
          }
        }
       ,{
          "id":"8297837445274100"
         ,"Identification":{
            "Column Name":"C_DOB"
           ,"Type":"Plain Text"
          }
         ,"Heading":{
            "Heading":"C Dob"
           ,"Alignment":"start"
          }
         ,"Layout":{
            "Sequence":7
           ,"Column Alignment":"start"
          }
         ,"Accessibility":{
            "Value Identifies Row":false
          }
         ,"Sorting":{
            "Sortable":false
          }
         ,"Export \/ Printing":{
            "Include In Export \/ Print":true
          }
         ,"Advanced":{
            "Compute Sum":false
          }
         ,"UI Defaults Reference":{
            "Table Owner":"Parsing Schema"
          }
         ,"Server-side Condition":{
            "Type":"Rows returned"
           ,"SQL Query":"select 1 from \"CHILD_INFORMATION\"\nwhere \"C_DOB\" is not null\nand \"CHILD_ID\" = :P22_CHILD_ID"
          }
         ,"Security":{
            "Escape special characters":true
          }
        }
       ,{
          "id":"8298229437274101"
         ,"Identification":{
            "Column Name":"C_REGISTRATION_DATE"
           ,"Type":"Plain Text"
          }
         ,"Heading":{
            "Heading":"C Registration Date"
           ,"Alignment":"start"
          }
         ,"Layout":{
            "Sequence":8
           ,"Column Alignment":"start"
          }
         ,"Accessibility":{
            "Value Identifies Row":false
          }
         ,"Sorting":{
            "Sortable":false
          }
         ,"Export \/ Printing":{
            "Include In Export \/ Print":true
          }
         ,"Advanced":{
            "Compute Sum":false
          }
         ,"UI Defaults Reference":{
            "Table Owner":"Parsing Schema"
          }
         ,"Server-side Condition":{
            "Type":"Rows returned"
           ,"SQL Query":"select 1 from \"CHILD_INFORMATION\"\nwhere \"C_REGISTRATION_DATE\" is not null\nand \"CHILD_ID\" = :P22_CHILD_ID"
          }
         ,"Security":{
            "Escape special characters":true
          }
        }
      ]
    }
   ,{
      "id":"8304191149274135"
     ,"Identification":{
        "Title":"Region Display Selector"
       ,"Type":"Region Display Selector"
      }
     ,"Layout":{
        "Sequence":20
       ,"Parent Region":"No Parent"
       ,"Position":"BODY"
       ,"Start New Layout":false
       ,"Start New Row":true
       ,"Column":"Automatic"
       ,"New Column":true
       ,"Column Span":"Automatic"
      }
     ,"Appearance":{
        "Template":"Blank with Attributes (7558297554204093)"
       ,"Template Options":[
          "#DEFAULT#"
         ,"margin-bottom-md"
        ]
       ,"CSS Classes":[
          "js-detail-rds"
        ]
       ,"Render Components":"Above Content"
      }
     ,"Accessibility":{
        "Use Landmark":true
       ,"Landmark Type":"Template Default"
      }
     ,"Advanced":{
        "Region Display Selector":true
       ,"Exclude Title from Translation":false
      }
     ,"Server-side Condition":{
        "Type":"Item is NOT NULL"
       ,"Item":"P22_CHILD_ID"
      }
     ,"Server Cache":{
        "Caching":"Disabled"
      }
     ,"Customization":{
        "Customizable":"Not Customizable By End Users"
      }
     ,"Attributes":{
        "Settings":{
          "Mode":"View Single Region"
         ,"Display Region Icons":false
         ,"Include \u0027Show All\u0027":true
         ,"Remember Selection":"N"
        }
      }
    }
   ,{
      "id":"8304545248274137"
     ,"Identification":{
        "Title":"Child Mother Information"
       ,"Type":"Classic Report"
      }
     ,"Source":{
        "Location":"Local Database"
       ,"Type":"Table \/ View"
       ,"Table Owner":"Parsing Schema"
       ,"Table Name":"CHILD_MOTHER_INFORMATION"
       ,"Include ROWID Column":true
       ,"Where Clause":"\"CHILD_ID\" = :P22_CHILD_ID"
      }
     ,"Order By":{
        "Type":"None"
      }
     ,"Layout":{
        "Sequence":30
       ,"Parent Region":"No Parent"
       ,"Position":"BODY"
       ,"Start New Layout":false
       ,"Start New Row":true
       ,"Column":"Automatic"
       ,"New Column":true
       ,"Column Span":"Automatic"
      }
     ,"Appearance":{
        "Template":"Standard (7624885982204178)"
       ,"Template Options":[
          "#DEFAULT#"
         ,"t-Region--noPadding"
         ,"t-Region--scrollBody"
        ]
       ,"CSS Classes":[
          "js-detail-region"
        ]
       ,"Render Components":"Above Content"
      }
     ,"Accessibility":{
        "Use Landmark":true
       ,"Landmark Type":"Template Default"
      }
     ,"Advanced":{
        "Region Display Selector":true
       ,"Exclude Title from Translation":false
      }
     ,"Server-side Condition":{
        "Type":"Item is NOT NULL"
       ,"Item":"P22_CHILD_ID"
      }
     ,"Server Cache":{
        "Caching":"Disabled"
      }
     ,"Customization":{
        "Customizable":"Not Customizable By End Users"
      }
     ,"Attributes":{
        "Layout":{
          "Number of Rows Type":"Static Value"
         ,"Number of Rows":100
        }
       ,"Appearance":{
          "Template Type":"Theme"
         ,"Template":"Standard (7660422108204228)"
         ,"Template Options":[
            "t-Report--stretch"
           ,"#DEFAULT#"
           ,"t-Report--altRowsDefault"
           ,"t-Report--rowHighlight"
           ,"t-Report--inline"
          ]
        }
       ,"Pagination":{
          "Type":"Row Ranges X to Y (with next and previous links)"
         ,"Display Position":"Bottom - Right"
         ,"Partial Page Refresh":true
        }
       ,"Performance":{
          "Lazy Loading":false
         ,"Maximum Rows to Process":5000
        }
       ,"Messages":{
          "When No Data Found":"No data found."
        }
       ,"Break Formatting":{
          "Break Columns":"No Break"
        }
       ,"Advanced":{
          "Strip HTML":true
         ,"Sort Nulls":"Last"
        }
       ,"Heading":{
          "Type":"Custom Headings"
        }
       ,"Download":{
          "CSV Export Enabled":false
        }
       ,"Printing":{
          "Enabled":false
        }
      }
     ,"Columns":[
        {
          "id":"8305377032274162"
         ,"Identification":{
            "Column Name":"ROWID"
           ,"Type":"Link"
          }
         ,"Heading":{
            "Heading":"\u003Cspan class=\"u-VisuallyHidden\"\u003EEdit\u003C\/span\u003E"
           ,"Alignment":"start"
          }
         ,"Layout":{
            "Sequence":1
           ,"Column Alignment":"start"
          }
         ,"Accessibility":{
            "Value Identifies Row":false
          }
         ,"Link":{
            "Target":{
              "url":"f?p=\u0026APP_ID.:24:\u0026APP_SESSION.::\u0026DEBUG.:RP:P24_ROWID:#ROWID#"
             ,"Page":"24"
             ,"Clear Cache":"RP"
             ,"Values":{
                "P24_ROWID":"#ROWID#"
              }
            }
           ,"Link Text":"\u003Cspan role=\"img\" aria-label=\"Edit\"\u003E\u003Cspan class=\"fa fa-edit\" aria-hidden=\"true\" title=\"Edit\"\u003E\u003C\/span\u003E\u003C\/span\u003E"
          }
         ,"Sorting":{
            "Sortable":false
          }
         ,"Export \/ Printing":{
            "Include In Export \/ Print":true
          }
         ,"Advanced":{
            "Cell Width":32
           ,"Compute Sum":false
          }
         ,"UI Defaults Reference":{
            "Table Owner":"Parsing Schema"
          }
         ,"Security":{
            "Escape special characters":true
          }
        }
       ,{
          "id":"8305742118274162"
         ,"Identification":{
            "Column Name":"MOTHER_ID"
           ,"Type":"Plain Text"
          }
         ,"Heading":{
            "Heading":"Mother Id"
           ,"Alignment":"start"
          }
         ,"Layout":{
            "Sequence":2
           ,"Column Alignment":"start"
          }
         ,"Accessibility":{
            "Value Identifies Row":false
          }
         ,"Sorting":{
            "Sortable":false
          }
         ,"Export \/ Printing":{
            "Include In Export \/ Print":true
          }
         ,"Advanced":{
            "Compute Sum":false
          }
         ,"UI Defaults Reference":{
            "Table Owner":"Parsing Schema"
          }
         ,"Security":{
            "Escape special characters":true
          }
        }
       ,{
          "id":"8306179826274164"
         ,"Identification":{
            "Column Name":"CHILD_ID"
           ,"Type":"Hidden Column"
          }
         ,"Layout":{
            "Sequence":3
          }
         ,"UI Defaults Reference":{
            "Table Owner":"Parsing Schema"
          }
         ,"Security":{
            "Escape special characters":true
          }
        }
       ,{
          "id":"8306514752274164"
         ,"Identification":{
            "Column Name":"M_FIRST_NAME"
           ,"Type":"Plain Text"
          }
         ,"Heading":{
            "Heading":"M First Name"
           ,"Alignment":"start"
          }
         ,"Layout":{
            "Sequence":4
           ,"Column Alignment":"start"
          }
         ,"Accessibility":{
            "Value Identifies Row":false
          }
         ,"Sorting":{
            "Sortable":false
          }
         ,"Export \/ Printing":{
            "Include In Export \/ Print":true
          }
         ,"Advanced":{
            "Compute Sum":false
          }
         ,"UI Defaults Reference":{
            "Table Owner":"Parsing Schema"
          }
         ,"Security":{
            "Escape special characters":true
          }
        }
       ,{
          "id":"8306990990274165"
         ,"Identification":{
            "Column Name":"M_MIDDLE_NAME"
           ,"Type":"Plain Text"
          }
         ,"Heading":{
            "Heading":"M Middle Name"
           ,"Alignment":"start"
          }
         ,"Layout":{
            "Sequence":5
           ,"Column Alignment":"start"
          }
         ,"Accessibility":{
            "Value Identifies Row":false
          }
         ,"Sorting":{
            "Sortable":false
          }
         ,"Export \/ Printing":{
            "Include In Export \/ Print":true
          }
         ,"Advanced":{
            "Compute Sum":false
          }
         ,"UI Defaults Reference":{
            "Table Owner":"Parsing Schema"
          }
         ,"Security":{
            "Escape special characters":true
          }
        }
       ,{
          "id":"8307381180274165"
         ,"Identification":{
            "Column Name":"M_LAST_NAME"
           ,"Type":"Plain Text"
          }
         ,"Heading":{
            "Heading":"M Last Name"
           ,"Alignment":"start"
          }
         ,"Layout":{
            "Sequence":6
           ,"Column Alignment":"start"
          }
         ,"Accessibility":{
            "Value Identifies Row":false
          }
         ,"Sorting":{
            "Sortable":false
          }
         ,"Export \/ Printing":{
            "Include In Export \/ Print":true
          }
         ,"Advanced":{
            "Compute Sum":false
          }
         ,"UI Defaults Reference":{
            "Table Owner":"Parsing Schema"
          }
         ,"Security":{
            "Escape special characters":true
          }
        }
       ,{
          "id":"8307735747274167"
         ,"Identification":{
            "Column Name":"M_NATIONALITY"
           ,"Type":"Plain Text"
          }
         ,"Heading":{
            "Heading":"M Nationality"
           ,"Alignment":"start"
          }
         ,"Layout":{
            "Sequence":7
           ,"Column Alignment":"start"
          }
         ,"Accessibility":{
            "Value Identifies Row":false
          }
         ,"Sorting":{
            "Sortable":false
          }
         ,"Export \/ Printing":{
            "Include In Export \/ Print":true
          }
         ,"Advanced":{
            "Compute Sum":false
          }
         ,"UI Defaults Reference":{
            "Table Owner":"Parsing Schema"
          }
         ,"Security":{
            "Escape special characters":true
          }
        }
       ,{
          "id":"8308186067274167"
         ,"Identification":{
            "Column Name":"M_DOB"
           ,"Type":"Plain Text"
          }
         ,"Heading":{
            "Heading":"M Dob"
           ,"Alignment":"start"
          }
         ,"Layout":{
            "Sequence":8
           ,"Column Alignment":"start"
          }
         ,"Accessibility":{
            "Value Identifies Row":false
          }
         ,"Sorting":{
            "Sortable":false
          }
         ,"Export \/ Printing":{
            "Include In Export \/ Print":true
          }
         ,"Advanced":{
            "Compute Sum":false
          }
         ,"UI Defaults Reference":{
            "Table Owner":"Parsing Schema"
          }
         ,"Security":{
            "Escape special characters":true
          }
        }
      ]
    }
   ,{
      "id":"8324166915274246"
     ,"Identification":{
        "Title":"Child Father Information"
       ,"Type":"Classic Report"
      }
     ,"Source":{
        "Location":"Local Database"
       ,"Type":"Table \/ View"
       ,"Table Owner":"Parsing Schema"
       ,"Table Name":"CHILD_FATHER_INFORMATION"
       ,"Include ROWID Column":true
       ,"Where Clause":"\"CHILD_ID\" = :P22_CHILD_ID"
      }
     ,"Order By":{
        "Type":"None"
      }
     ,"Layout":{
        "Sequence":40
       ,"Parent Region":"No Parent"
       ,"Position":"BODY"
       ,"Start New Layout":false
       ,"Start New Row":true
       ,"Column":"Automatic"
       ,"New Column":true
       ,"Column Span":"Automatic"
      }
     ,"Appearance":{
        "Template":"Standard (7624885982204178)"
       ,"Template Options":[
          "#DEFAULT#"
         ,"t-Region--noPadding"
         ,"t-Region--scrollBody"
        ]
       ,"CSS Classes":[
          "js-detail-region"
        ]
       ,"Render Components":"Above Content"
      }
     ,"Accessibility":{
        "Use Landmark":true
       ,"Landmark Type":"Template Default"
      }
     ,"Advanced":{
        "Region Display Selector":true
       ,"Exclude Title from Translation":false
      }
     ,"Server-side Condition":{
        "Type":"Item is NOT NULL"
       ,"Item":"P22_CHILD_ID"
      }
     ,"Server Cache":{
        "Caching":"Disabled"
      }
     ,"Customization":{
        "Customizable":"Not Customizable By End Users"
      }
     ,"Attributes":{
        "Layout":{
          "Number of Rows Type":"Static Value"
         ,"Number of Rows":100
        }
       ,"Appearance":{
          "Template Type":"Theme"
         ,"Template":"Standard (7660422108204228)"
         ,"Template Options":[
            "t-Report--stretch"
           ,"#DEFAULT#"
           ,"t-Report--altRowsDefault"
           ,"t-Report--rowHighlight"
           ,"t-Report--inline"
          ]
        }
       ,"Pagination":{
          "Type":"Row Ranges X to Y (with next and previous links)"
         ,"Display Position":"Bottom - Right"
         ,"Partial Page Refresh":true
        }
       ,"Performance":{
          "Lazy Loading":false
         ,"Maximum Rows to Process":5000
        }
       ,"Messages":{
          "When No Data Found":"No data found."
        }
       ,"Break Formatting":{
          "Break Columns":"No Break"
        }
       ,"Advanced":{
          "Strip HTML":true
         ,"Sort Nulls":"Last"
        }
       ,"Heading":{
          "Type":"Custom Headings"
        }
       ,"Download":{
          "CSV Export Enabled":false
        }
       ,"Printing":{
          "Enabled":false
        }
      }
     ,"Columns":[
        {
          "id":"8324923216274267"
         ,"Identification":{
            "Column Name":"ROWID"
           ,"Type":"Link"
          }
         ,"Heading":{
            "Heading":"\u003Cspan class=\"u-VisuallyHidden\"\u003EEdit\u003C\/span\u003E"
           ,"Alignment":"start"
          }
         ,"Layout":{
            "Sequence":1
           ,"Column Alignment":"start"
          }
         ,"Accessibility":{
            "Value Identifies Row":false
          }
         ,"Link":{
            "Target":{
              "url":"f?p=\u0026APP_ID.:25:\u0026APP_SESSION.::\u0026DEBUG.:RP:P25_ROWID:#ROWID#"
             ,"Page":"25"
             ,"Clear Cache":"RP"
             ,"Values":{
                "P25_ROWID":"#ROWID#"
              }
            }
           ,"Link Text":"\u003Cspan role=\"img\" aria-label=\"Edit\"\u003E\u003Cspan class=\"fa fa-edit\" aria-hidden=\"true\" title=\"Edit\"\u003E\u003C\/span\u003E\u003C\/span\u003E"
          }
         ,"Sorting":{
            "Sortable":false
          }
         ,"Export \/ Printing":{
            "Include In Export \/ Print":true
          }
         ,"Advanced":{
            "Cell Width":32
           ,"Compute Sum":false
          }
         ,"UI Defaults Reference":{
            "Table Owner":"Parsing Schema"
          }
         ,"Security":{
            "Escape special characters":true
          }
        }
       ,{
          "id":"8325371879274267"
         ,"Identification":{
            "Column Name":"FATHER_ID"
           ,"Type":"Plain Text"
          }
         ,"Heading":{
            "Heading":"Father Id"
           ,"Alignment":"start"
          }
         ,"Layout":{
            "Sequence":2
           ,"Column Alignment":"start"
          }
         ,"Accessibility":{
            "Value Identifies Row":false
          }
         ,"Sorting":{
            "Sortable":false
          }
         ,"Export \/ Printing":{
            "Include In Export \/ Print":true
          }
         ,"Advanced":{
            "Compute Sum":false
          }
         ,"UI Defaults Reference":{
            "Table Owner":"Parsing Schema"
          }
         ,"Security":{
            "Escape special characters":true
          }
        }
       ,{
          "id":"8325741524274268"
         ,"Identification":{
            "Column Name":"CHILD_ID"
           ,"Type":"Hidden Column"
          }
         ,"Layout":{
            "Sequence":3
          }
         ,"UI Defaults Reference":{
            "Table Owner":"Parsing Schema"
          }
         ,"Security":{
            "Escape special characters":true
          }
        }
       ,{
          "id":"8326113523274270"
         ,"Identification":{
            "Column Name":"F_FIRST_NAME"
           ,"Type":"Plain Text"
          }
         ,"Heading":{
            "Heading":"F First Name"
           ,"Alignment":"start"
          }
         ,"Layout":{
            "Sequence":4
           ,"Column Alignment":"start"
          }
         ,"Accessibility":{
            "Value Identifies Row":false
          }
         ,"Sorting":{
            "Sortable":false
          }
         ,"Export \/ Printing":{
            "Include In Export \/ Print":true
          }
         ,"Advanced":{
            "Compute Sum":false
          }
         ,"UI Defaults Reference":{
            "Table Owner":"Parsing Schema"
          }
         ,"Security":{
            "Escape special characters":true
          }
        }
       ,{
          "id":"8326528995274270"
         ,"Identification":{
            "Column Name":"F_MIDDLE_NAME"
           ,"Type":"Plain Text"
          }
         ,"Heading":{
            "Heading":"F Middle Name"
           ,"Alignment":"start"
          }
         ,"Layout":{
            "Sequence":5
           ,"Column Alignment":"start"
          }
         ,"Accessibility":{
            "Value Identifies Row":false
          }
         ,"Sorting":{
            "Sortable":false
          }
         ,"Export \/ Printing":{
            "Include In Export \/ Print":true
          }
         ,"Advanced":{
            "Compute Sum":false
          }
         ,"UI Defaults Reference":{
            "Table Owner":"Parsing Schema"
          }
         ,"Security":{
            "Escape special characters":true
          }
        }
       ,{
          "id":"8326951567274270"
         ,"Identification":{
            "Column Name":"F_LAST_NAME"
           ,"Type":"Plain Text"
          }
         ,"Heading":{
            "Heading":"F Last Name"
           ,"Alignment":"start"
          }
         ,"Layout":{
            "Sequence":6
           ,"Column Alignment":"start"
          }
         ,"Accessibility":{
            "Value Identifies Row":false
          }
         ,"Sorting":{
            "Sortable":false
          }
         ,"Export \/ Printing":{
            "Include In Export \/ Print":true
          }
         ,"Advanced":{
            "Compute Sum":false
          }
         ,"UI Defaults Reference":{
            "Table Owner":"Parsing Schema"
          }
         ,"Security":{
            "Escape special characters":true
          }
        }
       ,{
          "id":"8327312283274271"
         ,"Identification":{
            "Column Name":"F_NATIONALITY"
           ,"Type":"Plain Text"
          }
         ,"Heading":{
            "Heading":"F Nationality"
           ,"Alignment":"start"
          }
         ,"Layout":{
            "Sequence":7
           ,"Column Alignment":"start"
          }
         ,"Accessibility":{
            "Value Identifies Row":false
          }
         ,"Sorting":{
            "Sortable":false
          }
         ,"Export \/ Printing":{
            "Include In Export \/ Print":true
          }
         ,"Advanced":{
            "Compute Sum":false
          }
         ,"UI Defaults Reference":{
            "Table Owner":"Parsing Schema"
          }
         ,"Security":{
            "Escape special characters":true
          }
        }
       ,{
          "id":"8327793453274271"
         ,"Identification":{
            "Column Name":"F_DOB"
           ,"Type":"Plain Text"
          }
         ,"Heading":{
            "Heading":"F Dob"
           ,"Alignment":"start"
          }
         ,"Layout":{
            "Sequence":8
           ,"Column Alignment":"start"
          }
         ,"Accessibility":{
            "Value Identifies Row":false
          }
         ,"Sorting":{
            "Sortable":false
          }
         ,"Export \/ Printing":{
            "Include In Export \/ Print":true
          }
         ,"Advanced":{
            "Compute Sum":false
          }
         ,"UI Defaults Reference":{
            "Table Owner":"Parsing Schema"
          }
         ,"Security":{
            "Escape special characters":true
          }
        }
      ]
    }
   ,{
      "id":"8343778733274307"
     ,"Identification":{
        "Title":"No Record Selected"
       ,"Type":"Static Content"
      }
     ,"Source":{
        "HTML Code":"No Record Selected"
      }
     ,"Layout":{
        "Sequence":70
       ,"Parent Region":"No Parent"
       ,"Position":"BODY"
       ,"Start New Layout":false
       ,"Start New Row":true
       ,"Column":"Automatic"
       ,"New Column":true
       ,"Column Span":"Automatic"
      }
     ,"Appearance":{
        "Template":"Blank with Attributes (7558297554204093)"
       ,"Template Options":[
          "#DEFAULT#"
        ]
       ,"Render Components":"Above Content"
      }
     ,"Accessibility":{
        "Use Landmark":true
       ,"Landmark Type":"Template Default"
      }
     ,"Advanced":{
        "Region Display Selector":false
       ,"Exclude Title from Translation":false
      }
     ,"Server-side Condition":{
        "Type":"Item is NULL"
       ,"Item":"P22_CHILD_ID"
      }
     ,"Server Cache":{
        "Caching":"Disabled"
      }
     ,"Customization":{
        "Customizable":"Not Customizable By End Users"
      }
     ,"Attributes":{
        "Settings":{
          "Output As":"HTML"
         ,"Expand Shortcuts":false
        }
      }
    }
  ]
 ,"Page Items":[
    {
      "id":"8289876985273934"
     ,"Identification":{
        "Name":"P22_SEARCH"
       ,"Type":"Text Field"
      }
     ,"Label":{
        "Label":"Search"
       ,"Alignment":"Right"
      }
     ,"Settings":{
        "Subtype":"Text"
       ,"Trim Spaces":"Leading and Trailing"
       ,"Text Case":"NO CHANGE"
       ,"Submit when Enter pressed":false
       ,"Disabled":false
      }
     ,"Layout":{
        "Sequence":10
       ,"Region":"Search (8289396864273917)"
       ,"Position":"BODY"
       ,"Alignment":"Left"
       ,"Start New Layout":false
       ,"Start New Row":true
       ,"Column":"Automatic"
       ,"New Column":true
       ,"Column Span":"Automatic"
       ,"Label Column Span":"Page Template Default"
      }
     ,"Appearance":{
        "Template":"Hidden (7695220158204278)"
       ,"Template Options":[
          "#DEFAULT#"
         ,"t-Form-fieldContainer--large"
         ,"t-Form-fieldContainer--postTextBlock"
        ]
       ,"Icon":"fa-search"
       ,"Width":30
       ,"Value Placeholder":"Search..."
      }
     ,"Validation":{
        "Value Required":false
      }
     ,"Advanced":{
        "Warn on Unsaved Changes":"Page Default"
      }
     ,"Source":{
        "Type":"Null"
       ,"Used":"Only when current value in session state is null"
      }
     ,"Session State":{
        "Storage":"Per Session (Persistent)"
      }
     ,"Quick Picks":{
        "Show Quick Picks":false
      }
     ,"Security":{
        "Session State Protection":"Unrestricted"
       ,"Store value encrypted in session state":true
       ,"Restricted Characters":"All characters can be saved."
      }
    }
   ,{
      "id":"8303861932274134"
     ,"Identification":{
        "Name":"P22_CHILD_ID"
       ,"Type":"Hidden"
      }
     ,"Settings":{
        "Value Protected":true
      }
     ,"Layout":{
        "Sequence":40
       ,"Region":"Child Information (8294819798274093)"
       ,"Position":"BODY"
      }
     ,"Advanced":{
        "Warn on Unsaved Changes":"Page Default"
      }
     ,"Source":{
        "Type":"Null"
       ,"Used":"Only when current value in session state is null"
      }
     ,"Session State":{
        "Data Type":"VARCHAR2"
       ,"Storage":"Per Session (Persistent)"
      }
     ,"Security":{
        "Session State Protection":"Checksum Required - Session Level"
       ,"Store value encrypted in session state":true
       ,"Restricted Characters":"All characters can be saved."
      }
    }
  ]
 ,"Buttons":[
    {
      "id":"8288622923273915"
     ,"Identification":{
        "Button Name":"RESET"
       ,"Label":"Reset"
      }
     ,"Layout":{
        "Sequence":10
       ,"Region":"Breadcrumb (8287917768273907)"
       ,"Position":"NEXT"
       ,"Start New Layout":false
       ,"Start New Row":true
       ,"Column":"Automatic"
       ,"New Column":true
       ,"Column Span":"Automatic"
      }
     ,"Appearance":{
        "Button Template":"Text with Icon (7698118219204284)"
       ,"Hot":false
       ,"Template Options":[
          "#DEFAULT#"
         ,"t-Button--noUI"
         ,"t-Button--iconLeft"
         ,"t-Button--gapRight"
        ]
       ,"Icon":"fa-undo-alt"
      }
     ,"Behavior":{
        "Action":"Redirect to Page in this Application"
       ,"Target":{
          "url":"f?p=\u0026APP_ID.:22:\u0026APP_SESSION.:RESET:\u0026DEBUG.:RP,22::"
         ,"Page":"22"
         ,"Request":"RESET"
         ,"Clear Cache":"RP,22"
        }
       ,"Warn on Unsaved Changes":"Do Not Check"
      }
    }
   ,{
      "id":"8289007315273917"
     ,"Identification":{
        "Button Name":"CREATE"
       ,"Label":"Create"
      }
     ,"Layout":{
        "Sequence":20
       ,"Region":"Breadcrumb (8287917768273907)"
       ,"Position":"NEXT"
       ,"Start New Layout":false
       ,"Start New Row":true
       ,"Column":"Automatic"
       ,"New Column":true
       ,"Column Span":"Automatic"
      }
     ,"Appearance":{
        "Button Template":"Text with Icon (7698118219204284)"
       ,"Hot":true
       ,"Template Options":[
          "#DEFAULT#"
         ,"t-Button--iconLeft"
        ]
       ,"Icon":"fa-plus"
      }
     ,"Behavior":{
        "Action":"Redirect to Page in this Application"
       ,"Target":{
          "url":"f?p=\u0026APP_ID.:23:\u0026APP_SESSION.::\u0026DEBUG.:RP,23::"
         ,"Page":"23"
         ,"Clear Cache":"RP,23"
        }
       ,"Warn on Unsaved Changes":"Do Not Check"
      }
    }
   ,{
      "id":"8311651257274181"
     ,"Identification":{
        "Button Name":"POP_CHILD_MOTHER_INFORMATION"
       ,"Label":"Add Child Mother Information"
      }
     ,"Layout":{
        "Sequence":10
       ,"Region":"Child Mother Information (8304545248274137)"
       ,"Position":"EDIT"
       ,"Start New Layout":false
       ,"Start New Row":true
       ,"Column":"Automatic"
       ,"New Column":true
       ,"Column Span":"Automatic"
      }
     ,"Appearance":{
        "Button Template":"Icon (7697335511204282)"
       ,"Hot":false
       ,"Template Options":[
          "#DEFAULT#"
         ,"t-Button--noUI"
        ]
       ,"Icon":"fa-plus"
      }
     ,"Behavior":{
        "Action":"Redirect to Page in this Application"
       ,"Target":{
          "url":"f?p=\u0026APP_ID.:24:\u0026APP_SESSION.::\u0026DEBUG.:RP,24:P24_CHILD_ID:\u0026P22_CHILD_ID."
         ,"Page":"24"
         ,"Clear Cache":"RP,24"
         ,"Values":{
            "P24_CHILD_ID":"\u0026P22_CHILD_ID."
          }
        }
       ,"Warn on Unsaved Changes":"Do Not Check"
      }
    }
   ,{
      "id":"8331253875274278"
     ,"Identification":{
        "Button Name":"POP_CHILD_FATHER_INFORMATION"
       ,"Label":"Add Child Father Information"
      }
     ,"Layout":{
        "Sequence":10
       ,"Region":"Child Father Information (8324166915274246)"
       ,"Position":"EDIT"
       ,"Start New Layout":false
       ,"Start New Row":true
       ,"Column":"Automatic"
       ,"New Column":true
       ,"Column Span":"Automatic"
      }
     ,"Appearance":{
        "Button Template":"Icon (7697335511204282)"
       ,"Hot":false
       ,"Template Options":[
          "#DEFAULT#"
         ,"t-Button--noUI"
        ]
       ,"Icon":"fa-plus"
      }
     ,"Behavior":{
        "Action":"Redirect to Page in this Application"
       ,"Target":{
          "url":"f?p=\u0026APP_ID.:25:\u0026APP_SESSION.::\u0026DEBUG.:RP,25:P25_CHILD_ID:\u0026P22_CHILD_ID."
         ,"Page":"25"
         ,"Clear Cache":"RP,25"
         ,"Values":{
            "P25_CHILD_ID":"\u0026P22_CHILD_ID."
          }
        }
       ,"Warn on Unsaved Changes":"Do Not Check"
      }
    }
   ,{
      "id":"8344256933274307"
     ,"Identification":{
        "Button Name":"EDIT"
       ,"Label":"Edit"
      }
     ,"Layout":{
        "Sequence":20
       ,"Region":"Child Information (8294819798274093)"
       ,"Position":"EDIT"
       ,"Start New Layout":false
       ,"Start New Row":true
       ,"Column":"Automatic"
       ,"New Column":true
       ,"Column Span":"Automatic"
      }
     ,"Appearance":{
        "Button Template":"Text with Icon (7698118219204284)"
       ,"Hot":false
       ,"Template Options":[
          "#DEFAULT#"
         ,"t-Button--noUI"
         ,"t-Button--iconLeft"
        ]
       ,"Icon":"fa-pencil-square-o"
      }
     ,"Behavior":{
        "Action":"Redirect to Page in this Application"
       ,"Target":{
          "url":"f?p=\u0026APP_ID.:23:\u0026APP_SESSION.::\u0026DEBUG.:RP,23:P23_CHILD_ID:\u0026P22_CHILD_ID."
         ,"Page":"23"
         ,"Clear Cache":"RP,23"
         ,"Values":{
            "P23_CHILD_ID":"\u0026P22_CHILD_ID."
          }
        }
       ,"Warn on Unsaved Changes":"Do Not Check"
      }
     ,"Advanced":{
        "Static ID":"edit_master_btn"
      }
    }
  ]
 ,"Dynamic Actions":[
    {
      "id":"8304683594274139"
     ,"Identification":{
        "Name":"Dialog Closed"
      }
     ,"Execution":{
        "Sequence":40
      }
     ,"When":{
        "Event":"EVENT.EVENT.FAMEWORK.APEXAFTERCLOSEDIALOG"
       ,"Selection Type":"Region"
       ,"Region":"Child Mother Information (8304545248274137)"
      }
     ,"Execution":{
        "Event Scope":"Static"
       ,"Type":"Immediate"
      }
     ,"Actions":[
        {
          "id":"8312304422274182"
         ,"Identification":{
            "Action":"Refresh"
          }
         ,"Affected Elements":{
            "Selection Type":"Region"
           ,"Region":"Child Mother Information (8304545248274137)"
          }
         ,"Execution":{
            "Sequence":10
           ,"Event":"Dialog Closed (8304683594274139)"
           ,"Fire When Event Result Is":"True"
           ,"Fire on Initialization":false
          }
        }
       ,{
          "id":"8312880256274184"
         ,"Identification":{
            "Action":"Execute JavaScript Code"
          }
         ,"Settings":{
            "Code":"apex.message.showPageSuccess(\u0027Child Mother Information row(s) updated.\u0027);"
          }
         ,"Execution":{
            "Sequence":20
           ,"Event":"Dialog Closed (8304683594274139)"
           ,"Fire When Event Result Is":"True"
           ,"Fire on Initialization":false
          }
        }
      ]
    }
   ,{
      "id":"8324295915274246"
     ,"Identification":{
        "Name":"Dialog Closed"
      }
     ,"Execution":{
        "Sequence":40
      }
     ,"When":{
        "Event":"EVENT.EVENT.FAMEWORK.APEXAFTERCLOSEDIALOG"
       ,"Selection Type":"Region"
       ,"Region":"Child Father Information (8324166915274246)"
      }
     ,"Execution":{
        "Event Scope":"Static"
       ,"Type":"Immediate"
      }
     ,"Actions":[
        {
          "id":"8331912671274279"
         ,"Identification":{
            "Action":"Refresh"
          }
         ,"Affected Elements":{
            "Selection Type":"Region"
           ,"Region":"Child Father Information (8324166915274246)"
          }
         ,"Execution":{
            "Sequence":10
           ,"Event":"Dialog Closed (8324295915274246)"
           ,"Fire When Event Result Is":"True"
           ,"Fire on Initialization":false
          }
        }
       ,{
          "id":"8332413507274281"
         ,"Identification":{
            "Action":"Execute JavaScript Code"
          }
         ,"Settings":{
            "Code":"apex.message.showPageSuccess(\u0027Child Father Information row(s) updated.\u0027);"
          }
         ,"Execution":{
            "Sequence":20
           ,"Event":"Dialog Closed (8324295915274246)"
           ,"Fire When Event Result Is":"True"
           ,"Fire on Initialization":false
          }
        }
      ]
    }
   ,{
      "id":"8344551248274309"
     ,"Identification":{
        "Name":"Dialog Closed"
      }
     ,"Execution":{
        "Sequence":10
      }
     ,"When":{
        "Event":"EVENT.EVENT.FAMEWORK.APEXAFTERCLOSEDIALOG"
       ,"Selection Type":"Region"
       ,"Region":"Child Information (8294819798274093)"
      }
     ,"Execution":{
        "Event Scope":"Static"
       ,"Type":"Immediate"
      }
     ,"Actions":[
        {
          "id":"8345143149274309"
         ,"Identification":{
            "Action":"Refresh"
          }
         ,"Affected Elements":{
            "Selection Type":"Region"
           ,"Region":"Child Information (8294819798274093)"
          }
         ,"Execution":{
            "Sequence":20
           ,"Event":"Dialog Closed (8344551248274309)"
           ,"Fire When Event Result Is":"True"
           ,"Fire on Initialization":false
          }
        }
       ,{
          "id":"8345619189274310"
         ,"Identification":{
            "Action":"Execute JavaScript Code"
          }
         ,"Settings":{
            "Code":"apex.message.showPageSuccess(\u0027Child Information row(s) updated.\u0027);"
          }
         ,"Execution":{
            "Sequence":30
           ,"Event":"Dialog Closed (8344551248274309)"
           ,"Fire When Event Result Is":"True"
           ,"Fire on Initialization":false
          }
        }
      ]
    }
   ,{
      "id":"8344600759274309"
     ,"Identification":{
        "Name":"Perform Search"
      }
     ,"Execution":{
        "Sequence":150
      }
     ,"When":{
        "Event":"EVENT.EVENT.BROWSER.KEYPRESS"
       ,"Selection Type":"Item(s)"
       ,"Item(s)":[
          "P22_SEARCH"
        ]
      }
     ,"Client-side Condition":{
        "Type":"JavaScript expression"
       ,"JavaScript Expression":"this.browserEvent.which === apex.jQuery.ui.keyCode.ENTER"
      }
     ,"Execution":{
        "Event Scope":"Static"
       ,"Type":"Immediate"
      }
     ,"Actions":[
        {
          "id":"8346419898274312"
         ,"Identification":{
            "Action":"Refresh"
          }
         ,"Affected Elements":{
            "Selection Type":"Region"
           ,"Region":"Master Records (8290173768273934)"
          }
         ,"Execution":{
            "Sequence":10
           ,"Event":"Perform Search (8344600759274309)"
           ,"Fire When Event Result Is":"True"
           ,"Fire on Initialization":false
          }
        }
       ,{
          "id":"8346904885274312"
         ,"Identification":{
            "Action":"Cancel Event"
          }
         ,"Execution":{
            "Sequence":30
           ,"Event":"Perform Search (8344600759274309)"
           ,"Fire When Event Result Is":"True"
           ,"Fire on Initialization":false
          }
        }
      ]
    }
  ]
}
