{
  "id":"8"
 ,"Identification":{
    "Name":"Child Information Details"
   ,"Alias":"CHILD-INFORMATION-DETAILS"
   ,"Title":"Child Information Details"
  }
 ,"Appearance":{
    "Page Mode":"Normal"
   ,"Page Template":"Theme Default"
   ,"Template Options":[
      "#DEFAULT#"
    ]
  }
 ,"Navigation Menu":{
    "Override User Interface Level":false
  }
 ,"Navigation":{
    "Cursor Focus":"Do not focus cursor"
   ,"Warn on Unsaved Changes":true
  }
 ,"Security":{
    "Authentication":"Page Requires Authentication"
   ,"Deep Linking":"Application Default"
   ,"Page Access Protection":"Arguments Must Have Checksum"
   ,"Form Auto Complete":"Off"
   ,"Browser Cache":"Application Default"
  }
 ,"Session Management":{
    "Rejoin Sessions":"Application Default"
  }
 ,"Advanced":{
    "Enable duplicate page submissions":"Yes - Enable page to be re-posted"
   ,"Reload on Submit":"Only for Success"
  }
 ,"Server Cache":{
    "Caching":"Disabled"
  }
 ,"Regions":[
    {
      "id":"8455159098553143"
     ,"Identification":{
        "Title":"Breadcrumb"
       ,"Type":"Breadcrumb"
      }
     ,"Source":{
        "Breadcrumb":"Breadcrumb (7521515688204037)"
      }
     ,"Layout":{
        "Sequence":10
       ,"Parent Region":"No Parent"
       ,"Position":"REGION_POSITION_01"
       ,"Start New Layout":false
       ,"Start New Row":true
       ,"Column":"Automatic"
       ,"New Column":true
       ,"Column Span":"Automatic"
      }
     ,"Appearance":{
        "Template":"Title Bar (7637275187204192)"
       ,"Template Options":[
          "#DEFAULT#"
         ,"t-BreadcrumbRegion--useBreadcrumbTitle"
        ]
       ,"Render Components":"Above Content"
      }
     ,"Accessibility":{
        "Use Landmark":true
       ,"Landmark Type":"Template Default"
      }
     ,"Advanced":{
        "Region Display Selector":false
       ,"Exclude Title from Translation":false
      }
     ,"Server Cache":{
        "Caching":"Disabled"
      }
     ,"Customization":{
        "Customizable":"Not Customizable By End Users"
      }
     ,"Attributes":{
        "Appearance":{
          "Breadcrumb Template":"Breadcrumb (7699646795204285)"
         ,"Template Options":[
            "#DEFAULT#"
          ]
        }
      }
    }
   ,{
      "id":"8455714628553148"
     ,"Identification":{
        "Title":"Child Information Details"
       ,"Type":"Interactive Grid"
      }
     ,"Source":{
        "Location":"Local Database"
       ,"Type":"Table \/ View"
       ,"Table Owner":"Parsing Schema"
       ,"Table Name":"CHILD_INFORMATION_MASTER"
       ,"Include ROWID Column":false
      }
     ,"Layout":{
        "Sequence":20
       ,"Parent Region":"No Parent"
       ,"Position":"BODY"
       ,"Start New Layout":false
       ,"Start New Row":true
       ,"Column":"Automatic"
       ,"New Column":true
       ,"Column Span":"Automatic"
      }
     ,"Appearance":{
        "Template":"Interactive Report (7615014513204168)"
       ,"Template Options":[
          "#DEFAULT#"
        ]
       ,"Render Components":"Above Content"
      }
     ,"Accessibility":{
        "Use Landmark":true
       ,"Landmark Type":"Template Default"
      }
     ,"Advanced":{
        "Region Display Selector":false
       ,"Exclude Title from Translation":false
      }
     ,"Server Cache":{
        "Caching":"Disabled"
      }
     ,"Customization":{
        "Customizable":"Not Customizable By End Users"
      }
     ,"Attributes":{
        "id":"8456249013553150"
       ,"Edit":{
          "Enabled":true
         ,"Allowed Operations":[
            "Add Row"
           ,"Update Row"
           ,"Delete Row"
          ]
         ,"Lost Update Type":"Row Values"
         ,"Add Row If Empty":true
        }
       ,"Performance":{
          "Lazy Loading":false
        }
       ,"Appearance":{
          "Select First Row":true
         ,"Fixed Row Height":true
        }
       ,"Pagination":{
          "Type":"Scroll"
         ,"Show Total Count":true
        }
       ,"Toolbar":{
          "Show":true
         ,"Controls":[
            "Search Column Selection"
           ,"Search Field"
           ,"Actions Menu"
           ,"Reset Button"
           ,"Save Button"
          ]
        }
       ,"Enable Users To":{
          "Save Public Report":false
         ,"Flashback":true
         ,"Define Chart View":true
         ,"Download":true
        }
       ,"Download":{
          "Formats":[
            "CSV"
           ,"HTML"
           ,"PDF"
           ,"Excel"
          ]
         ,"Send as Email":true
        }
       ,"Heading":{
          "Fixed To":"Page"
        }
       ,"Icon View":{
          "Show":false
        }
       ,"Detail View":{
          "Show":false
        }
       ,"Saved Reports":[
          {
            "id":"8456653567553151"
           ,"Identification":{
              "Name":"Primary Report"
             ,"Alias":"84567"
            }
          }
        ]
      }
     ,"Columns":[
        {
          "id":"8457055361553160"
         ,"Identification":{
            "Column Name":"APEX$ROW_SELECTOR"
           ,"Type":"Row Selector"
          }
         ,"Settings":{
            "Enable Multi Select":true
           ,"Show Select All":true
           ,"Hide Control":false
          }
         ,"Layout":{
            "Sequence":10
          }
        }
       ,{
          "id":"8457538046553162"
         ,"Identification":{
            "Column Name":"APEX$ROW_ACTION"
           ,"Type":"Actions Menu"
          }
         ,"Layout":{
            "Sequence":20
          }
        }
       ,{
          "id":"8458500302553167"
         ,"Identification":{
            "Column Name":"CHILD_ID"
           ,"Type":"Hidden"
          }
         ,"Settings":{
            "Value Protected":true
          }
         ,"Layout":{
            "Sequence":30
          }
         ,"Accessibility":{
            "Value Identifies Row":false
          }
         ,"Source":{
            "Type":"Database Column"
           ,"Database Column":"CHILD_ID"
           ,"Data Type":"NUMBER"
           ,"Query Only":true
           ,"Primary Key":true
          }
         ,"Session State":{
            "Data Type":"VARCHAR2"
          }
         ,"Export \/ Printing":{
            "Include In Export \/ Print":false
          }
         ,"Enable Users To":{
            "Sort":true
           ,"Control Break\/Aggregate":true
          }
        }
       ,{
          "id":"8459542067553170"
         ,"Identification":{
            "Column Name":"C_FIRST_NAME"
           ,"Type":"Text Field"
          }
         ,"Heading":{
            "Heading":"C First Name"
           ,"Alignment":"start"
          }
         ,"Settings":{
            "Trim Spaces":"Leading and Trailing"
           ,"Text Case":"NO CHANGE"
          }
         ,"Layout":{
            "Sequence":40
           ,"Column Alignment":"start"
           ,"Stretch":"Use Report Setting"
          }
         ,"Accessibility":{
            "Value Identifies Row":false
          }
         ,"Validation":{
            "Value Required":true
           ,"Maximum Length":35
          }
         ,"Source":{
            "Type":"Database Column"
           ,"Database Column":"C_FIRST_NAME"
           ,"Data Type":"VARCHAR2"
           ,"Query Only":false
           ,"Primary Key":false
          }
         ,"Default":{
            "Duplicate Copies Existing Value":true
          }
         ,"Column Filter":{
            "Enabled":true
           ,"Performance Impacting Operators":[
              "Contains"
             ,"Starts With"
             ,"Case Insensitive"
             ,"Regular Expression"
            ]
           ,"Text Case":"Mixed"
           ,"LOV Type":"Distinct Column"
           ,"Exact Match":true
          }
         ,"Export \/ Printing":{
            "Include In Export \/ Print":true
          }
         ,"Enable Users To":{
            "Sort":true
           ,"Control Break\/Aggregate":true
           ,"Hide":true
          }
        }
       ,{
          "id":"8460592687553171"
         ,"Identification":{
            "Column Name":"C_MIDDLE_NAME"
           ,"Type":"Text Field"
          }
         ,"Heading":{
            "Heading":"C Middle Name"
           ,"Alignment":"start"
          }
         ,"Settings":{
            "Trim Spaces":"Leading and Trailing"
           ,"Text Case":"NO CHANGE"
          }
         ,"Layout":{
            "Sequence":50
           ,"Column Alignment":"start"
           ,"Stretch":"Use Report Setting"
          }
         ,"Accessibility":{
            "Value Identifies Row":false
          }
         ,"Validation":{
            "Value Required":true
           ,"Maximum Length":35
          }
         ,"Source":{
            "Type":"Database Column"
           ,"Database Column":"C_MIDDLE_NAME"
           ,"Data Type":"VARCHAR2"
           ,"Query Only":false
           ,"Primary Key":false
          }
         ,"Default":{
            "Duplicate Copies Existing Value":true
          }
         ,"Column Filter":{
            "Enabled":true
           ,"Performance Impacting Operators":[
              "Contains"
             ,"Starts With"
             ,"Case Insensitive"
             ,"Regular Expression"
            ]
           ,"Text Case":"Mixed"
           ,"LOV Type":"Distinct Column"
           ,"Exact Match":true
          }
         ,"Export \/ Printing":{
            "Include In Export \/ Print":true
          }
         ,"Enable Users To":{
            "Sort":true
           ,"Control Break\/Aggregate":true
           ,"Hide":true
          }
        }
       ,{
          "id":"8461578613553173"
         ,"Identification":{
            "Column Name":"C_LAST_NAME"
           ,"Type":"Text Field"
          }
         ,"Heading":{
            "Heading":"C Last Name"
           ,"Alignment":"start"
          }
         ,"Settings":{
            "Trim Spaces":"Leading and Trailing"
           ,"Text Case":"NO CHANGE"
          }
         ,"Layout":{
            "Sequence":60
           ,"Column Alignment":"start"
           ,"Stretch":"Use Report Setting"
          }
         ,"Accessibility":{
            "Value Identifies Row":false
          }
         ,"Validation":{
            "Value Required":true
           ,"Maximum Length":35
          }
         ,"Source":{
            "Type":"Database Column"
           ,"Database Column":"C_LAST_NAME"
           ,"Data Type":"VARCHAR2"
           ,"Query Only":false
           ,"Primary Key":false
          }
         ,"Default":{
            "Duplicate Copies Existing Value":true
          }
         ,"Column Filter":{
            "Enabled":true
           ,"Performance Impacting Operators":[
              "Contains"
             ,"Starts With"
             ,"Case Insensitive"
             ,"Regular Expression"
            ]
           ,"Text Case":"Mixed"
           ,"LOV Type":"Distinct Column"
           ,"Exact Match":true
          }
         ,"Export \/ Printing":{
            "Include In Export \/ Print":true
          }
         ,"Enable Users To":{
            "Sort":true
           ,"Control Break\/Aggregate":true
           ,"Hide":true
          }
        }
       ,{
          "id":"8462503552553176"
         ,"Identification":{
            "Column Name":"C_SEX"
           ,"Type":"Text Field"
          }
         ,"Heading":{
            "Heading":"C Sex"
           ,"Alignment":"start"
          }
         ,"Settings":{
            "Trim Spaces":"Leading and Trailing"
           ,"Text Case":"NO CHANGE"
          }
         ,"Layout":{
            "Sequence":70
           ,"Column Alignment":"start"
           ,"Stretch":"Use Report Setting"
          }
         ,"Accessibility":{
            "Value Identifies Row":false
          }
         ,"Validation":{
            "Value Required":true
           ,"Maximum Length":1
          }
         ,"Source":{
            "Type":"Database Column"
           ,"Database Column":"C_SEX"
           ,"Data Type":"VARCHAR2"
           ,"Query Only":false
           ,"Primary Key":false
          }
         ,"Default":{
            "Duplicate Copies Existing Value":true
          }
         ,"Column Filter":{
            "Enabled":true
           ,"Performance Impacting Operators":[
              "Contains"
             ,"Starts With"
             ,"Case Insensitive"
             ,"Regular Expression"
            ]
           ,"Text Case":"Mixed"
           ,"LOV Type":"Distinct Column"
           ,"Exact Match":true
          }
         ,"Export \/ Printing":{
            "Include In Export \/ Print":true
          }
         ,"Enable Users To":{
            "Sort":true
           ,"Control Break\/Aggregate":true
           ,"Hide":true
          }
        }
       ,{
          "id":"8463548393553178"
         ,"Identification":{
            "Column Name":"C_NATIONALITY"
           ,"Type":"Text Field"
          }
         ,"Heading":{
            "Heading":"C Nationality"
           ,"Alignment":"start"
          }
         ,"Settings":{
            "Trim Spaces":"Leading and Trailing"
           ,"Text Case":"NO CHANGE"
          }
         ,"Layout":{
            "Sequence":80
           ,"Column Alignment":"start"
           ,"Stretch":"Use Report Setting"
          }
         ,"Accessibility":{
            "Value Identifies Row":false
          }
         ,"Validation":{
            "Value Required":true
           ,"Maximum Length":50
          }
         ,"Source":{
            "Type":"Database Column"
           ,"Database Column":"C_NATIONALITY"
           ,"Data Type":"VARCHAR2"
           ,"Query Only":false
           ,"Primary Key":false
          }
         ,"Default":{
            "Duplicate Copies Existing Value":true
          }
         ,"Column Filter":{
            "Enabled":true
           ,"Performance Impacting Operators":[
              "Contains"
             ,"Starts With"
             ,"Case Insensitive"
             ,"Regular Expression"
            ]
           ,"Text Case":"Mixed"
           ,"LOV Type":"Distinct Column"
           ,"Exact Match":true
          }
         ,"Export \/ Printing":{
            "Include In Export \/ Print":true
          }
         ,"Enable Users To":{
            "Sort":true
           ,"Control Break\/Aggregate":true
           ,"Hide":true
          }
        }
       ,{
          "id":"8464596043553179"
         ,"Identification":{
            "Column Name":"C_DOB"
           ,"Type":"Date Picker"
          }
         ,"Heading":{
            "Heading":"C Dob"
           ,"Alignment":"start"
          }
         ,"Settings":{
            "Show Time":false
           ,"Display As":"Popup"
           ,"Minimum Date":"None"
           ,"Maximum Date":"None"
           ,"Multiple Months":"No"
           ,"Use Defaults":true
          }
         ,"Layout":{
            "Sequence":90
           ,"Column Alignment":"start"
           ,"Stretch":"Use Report Setting"
          }
         ,"Accessibility":{
            "Value Identifies Row":false
          }
         ,"Validation":{
            "Value Required":true
          }
         ,"Source":{
            "Type":"Database Column"
           ,"Database Column":"C_DOB"
           ,"Data Type":"DATE"
           ,"Query Only":false
           ,"Primary Key":false
          }
         ,"Default":{
            "Duplicate Copies Existing Value":true
          }
         ,"Column Filter":{
            "Enabled":true
           ,"LOV Type":"Distinct Column"
           ,"Date Ranges":"All"
          }
         ,"Export \/ Printing":{
            "Include In Export \/ Print":true
          }
         ,"Enable Users To":{
            "Sort":true
           ,"Control Break\/Aggregate":true
           ,"Hide":true
          }
        }
       ,{
          "id":"8465577209553181"
         ,"Identification":{
            "Column Name":"C_REGISTRATION_DATE"
           ,"Type":"Date Picker"
          }
         ,"Heading":{
            "Heading":"C Registration Date"
           ,"Alignment":"start"
          }
         ,"Settings":{
            "Show Time":false
           ,"Display As":"Popup"
           ,"Minimum Date":"None"
           ,"Maximum Date":"None"
           ,"Multiple Months":"No"
           ,"Use Defaults":true
          }
         ,"Layout":{
            "Sequence":100
           ,"Column Alignment":"start"
           ,"Stretch":"Use Report Setting"
          }
         ,"Accessibility":{
            "Value Identifies Row":false
          }
         ,"Validation":{
            "Value Required":true
          }
         ,"Source":{
            "Type":"Database Column"
           ,"Database Column":"C_REGISTRATION_DATE"
           ,"Data Type":"DATE"
           ,"Query Only":false
           ,"Primary Key":false
          }
         ,"Default":{
            "Duplicate Copies Existing Value":true
          }
         ,"Column Filter":{
            "Enabled":true
           ,"LOV Type":"Distinct Column"
           ,"Date Ranges":"All"
          }
         ,"Export \/ Printing":{
            "Include In Export \/ Print":true
          }
         ,"Enable Users To":{
            "Sort":true
           ,"Control Break\/Aggregate":true
           ,"Hide":true
          }
        }
      ]
     ,"Printing":{
        "Page":{
          "Size":"Letter"
         ,"Orientation":"Landscape"
         ,"Units":"Inches"
         ,"Width":11
         ,"Height":8.5
         ,"Border Width":0.5
         ,"Border Color":"#666666"
        }
       ,"Page Header":{
          "Font":"Helvetica"
         ,"Font Weight":"Normal"
         ,"Font Size":12
         ,"Font Color":"#000000"
         ,"Alignment":"center"
         ,"Page Header Text":"Child Information Details"
        }
       ,"Column Headings":{
          "Font":"Helvetica"
         ,"Font Weight":"Bold"
         ,"Font Size":10
         ,"Font Color":"#000000"
         ,"Background Color":"#EEEEEE"
        }
       ,"Columns":{
          "Font":"Helvetica"
         ,"Font Weight":"Normal"
         ,"Font Size":10
         ,"Font Color":"#000000"
         ,"Background Color":"#FFFFFF"
        }
       ,"Page Footer":{
          "Font":"Helvetica"
         ,"Font Weight":"Normal"
         ,"Font Size":12
         ,"Font Color":"#000000"
         ,"Alignment":"center"
        }
      }
    }
  ]
 ,"Processes":[
    {
      "id":"8466509212553192"
     ,"Identification":{
        "Name":"Child Information Details - Save Interactive Grid Data"
       ,"Type":"Interactive Grid - Automatic Row Processing (DML)"
       ,"Execution Chain":"None"
       ,"Editable Region":"Child Information Details (8455714628553148)"
      }
     ,"Settings":{
        "Target Type":"Region Source"
       ,"Prevent Lost Updates":true
       ,"Lock Row":"Yes"
       ,"Return Primary Key(s) after Insert":true
      }
     ,"Execution":{
        "Sequence":10
       ,"Point":"Processing"
       ,"Run Process":"Once Per Page Visit (default)"
      }
     ,"Error":{
        "Display Location":"Inline in Notification"
      }
     ,"Server-side Condition":{
        "Execution Scope":"For Created and Modified Rows"
      }
    }
  ]
}
