[
  {
    "id":"7644897132204201"
   ,"Identification":{
      "Name":"Timeline"
    }
  }
 ,{
    "id":"7645469213204203"
   ,"Identification":{
      "Name":"Content Row"
    }
  }
 ,{
    "id":"7648603231204207"
   ,"Identification":{
      "Name":"Media List"
    }
  }
 ,{
    "id":"7652095567204212"
   ,"Identification":{
      "Name":"Value Attribute Pairs - Row"
    }
  }
 ,{
    "id":"7654020181204217"
   ,"Identification":{
      "Name":"Value Attribute Pairs - Column"
    }
  }
 ,{
    "id":"7655819507204220"
   ,"Identification":{
      "Name":"Badge List"
    }
  }
 ,{
    "id":"7659431037204226"
   ,"Identification":{
      "Name":"Contextual Info"
    }
  }
 ,{
    "id":"7660422108204228"
   ,"Identification":{
      "Name":"Standard"
    }
  }
 ,{
    "id":"7663071603204232"
   ,"Identification":{
      "Name":"Comments"
    }
  }
 ,{
    "id":"7664216045204235"
   ,"Identification":{
      "Name":"Alerts"
    }
  }
 ,{
    "id":"7664458296204235"
   ,"Identification":{
      "Name":"Cards"
    }
  }
 ,{
    "id":"7669662962204243"
   ,"Identification":{
      "Name":"Search Results"
    }
  }
]
