[
  {
    "id":"7695220158204278"
   ,"Identification":{
      "Name":"Hidden"
    }
  }
 ,{
    "id":"7695369301204279"
   ,"Identification":{
      "Name":"Optional"
    }
  }
 ,{
    "id":"7695441332204279"
   ,"Identification":{
      "Name":"Optional - Above"
    }
  }
 ,{
    "id":"7695590145204279"
   ,"Identification":{
      "Name":"Optional - Floating"
    }
  }
 ,{
    "id":"7695682870204279"
   ,"Identification":{
      "Name":"Required"
    }
  }
 ,{
    "id":"7696326763204279"
   ,"Identification":{
      "Name":"Required - Above"
    }
  }
 ,{
    "id":"7696804826204281"
   ,"Identification":{
      "Name":"Required - Floating"
    }
  }
]
