[
  {
    "id":"7669887993204243"
   ,"Identification":{
      "Name":"Top Navigation Tabs"
    }
  }
 ,{
    "id":"7671488813204246"
   ,"Identification":{
      "Name":"Top Navigation Mega Menu"
    }
  }
 ,{
    "id":"7673680257204250"
   ,"Identification":{
      "Name":"Wizard Progress"
    }
  }
 ,{
    "id":"7675047305204251"
   ,"Identification":{
      "Name":"Menu Bar"
    }
  }
 ,{
    "id":"7676079446204253"
   ,"Identification":{
      "Name":"Badge List"
    }
  }
 ,{
    "id":"7679870843204259"
   ,"Identification":{
      "Name":"Media List"
    }
  }
 ,{
    "id":"7682837167204264"
   ,"Identification":{
      "Name":"Side Navigation Menu"
    }
  }
 ,{
    "id":"7684614018204267"
   ,"Identification":{
      "Name":"Top Navigation Menu"
    }
  }
 ,{
    "id":"7685693859204267"
   ,"Identification":{
      "Name":"Navigation Bar"
    }
  }
 ,{
    "id":"7686011568204268"
   ,"Identification":{
      "Name":"Cards"
    }
  }
 ,{
    "id":"7691469404204273"
   ,"Identification":{
      "Name":"Tabs"
    }
  }
 ,{
    "id":"7693055432204275"
   ,"Identification":{
      "Name":"Menu Popup"
    }
  }
 ,{
    "id":"7693674763204276"
   ,"Identification":{
      "Name":"Links List"
    }
  }
]
