[
  {
    "id":"7522336752204043"
   ,"Identification":{
      "Name":"Drawer"
    }
  }
 ,{
    "id":"7525222514204053"
   ,"Identification":{
      "Name":"Marquee"
    }
  }
 ,{
    "id":"7529253468204059"
   ,"Identification":{
      "Name":"Modal Dialog"
    }
  }
 ,{
    "id":"7530783158204060"
   ,"Identification":{
      "Name":"Login"
    }
  }
 ,{
    "id":"7533361037204064"
   ,"Identification":{
      "Name":"Wizard Modal Dialog"
    }
  }
 ,{
    "id":"7534832669204067"
   ,"Identification":{
      "Name":"Left Side Column"
    }
  }
 ,{
    "id":"7538592620204070"
   ,"Identification":{
      "Name":"Right Side Column"
    }
  }
 ,{
    "id":"7542204656204075"
   ,"Identification":{
      "Name":"Left and Right Side Columns"
    }
  }
 ,{
    "id":"7546250023204079"
   ,"Identification":{
      "Name":"Minimal (No Navigation)"
    }
  }
 ,{
    "id":"7549674698204081"
   ,"Identification":{
      "Name":"Standard"
    }
  }
]
