[
  {
    "id":"7553037332204087"
   ,"Identification":{
      "Name":"Alert"
    }
  }
 ,{
    "id":"7558297554204093"
   ,"Identification":{
      "Name":"Blank with Attributes"
    }
  }
 ,{
    "id":"7559604466204095"
   ,"Identification":{
      "Name":"Blank with Attributes (No Grid)"
    }
  }
 ,{
    "id":"7561000949204096"
   ,"Identification":{
      "Name":"Buttons Container"
    }
  }
 ,{
    "id":"7565362650204101"
   ,"Identification":{
      "Name":"Cards Container"
    }
  }
 ,{
    "id":"7567239424204104"
   ,"Identification":{
      "Name":"Carousel Container"
    }
  }
 ,{
    "id":"7577195559204120"
   ,"Identification":{
      "Name":"Collapsible"
    }
  }
 ,{
    "id":"7586955711204132"
   ,"Identification":{
      "Name":"Content Block"
    }
  }
 ,{
    "id":"7591510640204139"
   ,"Identification":{
      "Name":"Hero"
    }
  }
 ,{
    "id":"7595033287204140"
   ,"Identification":{
      "Name":"Image"
    }
  }
 ,{
    "id":"7600418797204148"
   ,"Identification":{
      "Name":"Inline Dialog"
    }
  }
 ,{
    "id":"7605026107204154"
   ,"Identification":{
      "Name":"Inline Drawer"
    }
  }
 ,{
    "id":"7609623747204160"
   ,"Identification":{
      "Name":"Inline Popup"
    }
  }
 ,{
    "id":"7615014513204168"
   ,"Identification":{
      "Name":"Interactive Report"
    }
  }
 ,{
    "id":"7617147278204170"
   ,"Identification":{
      "Name":"Item Container"
    }
  }
 ,{
    "id":"7619625757204171"
   ,"Identification":{
      "Name":"Login"
    }
  }
 ,{
    "id":"7622164451204175"
   ,"Identification":{
      "Name":"Search Results Container"
    }
  }
 ,{
    "id":"7624885982204178"
   ,"Identification":{
      "Name":"Standard"
    }
  }
 ,{
    "id":"7634620724204189"
   ,"Identification":{
      "Name":"Tabs Container"
    }
  }
 ,{
    "id":"7637275187204192"
   ,"Identification":{
      "Name":"Title Bar"
    }
  }
 ,{
    "id":"7642329116204196"
   ,"Identification":{
      "Name":"Wizard Container"
    }
  }
]
